turn,agent_id,age,energy,wealth,knowledge,stress,resilience,num_connections,avg_social_capital,posterity_points,last_action,crisis_state
1,11,1,85,10,5,0,4,3,4.0,0,rest,None
1,2,1,74,13,8,2,2,4,4.14,0,strengthen_ties,None
1,14,1,29,15.0,4,5.095802838736899,2,6,2.67,0,work_alone,None
1,6,1,67,12.0,2,1.3145690385375566,4,4,4.5,0,work_alone,None
1,12,1,58,47,10,2,4,3,4.0,2.4,attempt_collaboration,None
1,9,1,63,14,2,4,3,2,3.5,0,attempt_collaboration,None
1,1,1,52,30,7,1,2,1,4.0,0.9,attempt_collaboration,None
1,3,1,56,12,6,4,2,2,3.0,0,attempt_collaboration,None
1,19,1,65,8,6,3,2,4,4.25,0,seek_help,None
1,16,1,62,16.0,4,1.0764579809732162,4,2,4.5,0,work_alone,None
1,7,1,63,14.0,7,2.43718220194539,3,3,4.33,0,work_alone,None
1,5,1,84,33,13,0,3,3,4.0,1.8,rest,None
1,8,1,63,8,3,5,4,5,3.0,0,seek_help,None
1,15,1,41,70,16,2,2,6,4.33,3.3,attempt_collaboration,None
1,0,1,59,16.0,8,1.1464514548150304,4,2,3.0,0,work_alone,None
1,13,1,67,32,14,1,3,4,4.0,1.8,attempt_collaboration,None
1,10,1,60,12,4,2,3,4,3.53,0,attempt_collaboration,None
1,4,1,64,17.0,5,2.3811214371910063,3,5,3.6,0,work_alone,None
1,17,1,67,8,8,2,2,5,3.8,0,attempt_collaboration,None
1,18,1,49,16.0,2,3.333052459267387,3,8,4.0,0,work_alone,None
2,3,2,40,12,6,4.5,2,2,2.75,0,attempt_collaboration,None
2,7,2,75,14.0,8,-0.06281779805460985,3,3,4.67,0,rest,None
2,9,2,48,26,8,4,3,2,4.5,1.8,attempt_collaboration,None
2,1,2,37,55,11,1,2,1,6.0,2.1,attempt_collaboration,None
2,19,2,54,12.0,6,3.0598867586637852,2,4,4.25,0,work_alone,None
2,4,2,33,41.0,13,2.3811214371910063,3,5,4.4,2.4,attempt_collaboration,None
2,2,2,73,13,8,1,2,4,3.89,0,rest,None
2,18,2,37,35.0,10,2.833052459267387,3,8,4.38,1.8,attempt_collaboration,None
2,6,2,39,43.0,12,1.3145690385375566,4,4,5.75,4.0,attempt_knowledge_share,None
2,17,2,56,15.0,8,2.3239177906228656,2,5,3.8,0,work_alone,None
2,12,2,44,47,10,2.5,4,3,3.83,2.4,attempt_collaboration,None
2,15,2,45,95,20,1,2,6,4.67,4.5,rest,None
2,14,2,37,15.0,4,3.0958028387368994,2,6,2.67,0,rest,None
2,13,2,62,32,14,1,3,4,4.25,1.8,strengthen_ties,None
2,10,2,47,12,4,3,3,4,3.28,0,attempt_collaboration,None
2,8,2,32,32,13,5,4,5,3.8,3.0,attempt_collaboration,None
2,0,2,54,16.0,8,1.1464514548150304,4,2,3.71,0,strengthen_ties,None
2,16,2,44,36.0,6,1.105687602212042,4,2,5.5,0.6,work_alone,None
2,11,2,71,27,7,0,4,3,4.67,0.6,attempt_collaboration,None
2,5,2,73,33,13,0,3,3,4.47,2.3,attempt_knowledge_share,None
3,18,3,23,48.0,15,2.833052459267387,3,8,4.62,3.3,attempt_collaboration,None
3,16,3,33,41.0,6,1.536948015718349,4,2,5.5,0.6,work_alone,None
3,0,3,41,28.0,10,1.1464514548150304,4,2,4.71,0.6,attempt_collaboration,None
3,5,3,68,33,13,0,3,3,4.84,2.3,strengthen_ties,None
3,14,3,20,15.0,4,3.5958028387368994,2,6,2.58,0,attempt_collaboration,None
3,19,3,45,18.0,6,3.4223813653285764,2,4,4.25,0,work_alone,None
3,8,3,24,39.0,13,5.166075048650196,4,5,3.8,3.0,work_alone,None
3,13,3,40,58,18,1,3,4,5.35,3.0,attempt_collaboration,None
3,10,3,33,12,4,3.5,3,4,3.16,0,attempt_collaboration,None
3,7,3,88,14.0,8,0,3,3,4.67,0,rest,None
3,11,3,60,35.0,7,0.0698204059423233,4,3,4.67,0.6,work_alone,None
3,17,3,36,33.0,13,2.3854088445600237,2,5,4.2,1.5,work_alone,None
3,3,3,32,16.0,6,4.647837678391996,2,2,2.75,0,work_alone,None
3,15,3,35,101.0,21,0.5606537915575351,2,6,4.83,4.5,work_alone,None
3,9,3,65,26,8,3,3,2,4.5,1.8,rest,None
3,6,3,22,68.0,17,0.3145690385375566,4,4,6.75,5.5,rest,None
3,2,3,63,13,8,1.5,2,4,3.76,0,attempt_collaboration,None
3,4,3,23,52.0,16,2.3811214371910063,3,5,4.8,3.3,attempt_collaboration,None
3,12,3,33,47,10,3.0,4,3,3.67,2.4,attempt_collaboration,None
3,1,3,30,55,11,1,2,1,7.0,2.6,attempt_knowledge_share,None
4,19,4,40,18.0,8,2.9223813653285764,2,4,4.72,0,strengthen_ties,None
4,12,4,18,47,10,3.5,4,3,3.5,2.4,attempt_collaboration,None
4,8,4,39,39.0,13,2.166075048650196,4,5,3.87,3.0,rest,None
4,15,4,27,101.0,22,0.06065379155753514,2,6,5.17,5.5,attempt_knowledge_share,None
4,4,4,39,52.0,16,1.3811214371910063,3,5,4.8,3.3,rest,None
4,0,4,29,35.0,10,1.628113242880277,4,2,4.71,0.6,work_alone,None
4,2,4,58,34,14,0.5,2,4,4.36,1.8,rest,None
4,18,4,21,70.0,19,0,3,8,4.9,4.5,rest,None
4,13,4,35,58,18,1,3,4,5.52,3.0,strengthen_ties,None
4,1,4,18,55,11,1,2,1,8.0,3.1,attempt_knowledge_share,None
4,5,4,45,55,18,0.5,3,3,5.34,3.8,attempt_knowledge_share,None
4,14,4,30,15.0,4,0.5958028387368994,2,6,2.58,0,rest,None
4,10,4,28,12,4,3.5,3,4,3.51,0,strengthen_ties,None
4,6,4,34,68.0,17,0,4,4,6.75,5.5,rest,None
4,17,4,23,55.0,17,2.3854088445600237,2,5,4.6,2.7,attempt_collaboration,None
4,11,4,48,38.0,7,0.4425633135642457,4,3,4.67,0.6,work_alone,None
4,3,4,25,19.0,6,4.666085504742798,2,2,2.75,0,work_alone,None
4,16,4,18,62.0,12,1.536948015718349,4,2,6.5,2.4,attempt_collaboration,None
4,7,4,76,36.0,13,0,3,3,5.33,1.5,attempt_collaboration,None
4,9,4,60,26,8,3,3,2,5.01,1.8,strengthen_ties,None
5,16,5,13,62.0,12,5.536948015718349,4,2,6.0,2.4,seek_help,LowEnergy
5,19,5,32,21.0,9,2.5372153299699094,2,4,4.97,0,work_alone,None
5,3,5,41,19.0,6,1.6660855047427976,2,2,2.75,0,rest,None
5,12,5,36,47,10,3.5,4.2,3,3.5,2.5,rest,LowEnergy
5,0,5,36,58.0,15,0.12811324288027692,4,2,6.21,1.5,rest,None
5,6,5,21,68.0,17,0.5,4,4,6.62,5.5,attempt_collaboration,None
5,7,5,64,36.0,13,0.5,3,3,5.17,1.5,attempt_knowledge_share,None
5,15,5,22,101.0,22,2.0606537915575354,2,6,5.0,5.5,seek_help,None
5,14,5,17,15.0,4,1.0958028387368994,2,6,2.5,0,attempt_collaboration,None
5,10,5,40,12,4,1.5,3,4,3.51,0,rest,None
5,17,5,18,55.0,17,4.385408844560024,2,5,4.4,2.7,seek_help,None
5,4,5,48,52.0,16,0,3,5,4.8,3.3,rest,None
5,18,5,25,70.0,19,1,3,8,4.78,4.5,rest,None
5,8,5,54,39.0,13,0,4,5,3.87,3.0,rest,None
5,9,5,47,26,8,4,3,2,4.51,1.8,attempt_collaboration,None
5,13,5,25,58,18,1,3,4,5.77,4.0,attempt_knowledge_share,None
5,1,5,34,55,11,2,2.2,1,8.0,3.2,rest,LowEnergy
5,11,5,32,61.0,13,-0.05743668643575428,4,3,5.67,1.5,attempt_collaboration,None
5,5,5,36,55,18,0.5,3,3,5.67,5.3,attempt_knowledge_share,None
5,2,5,46,34,14,0.5,2,4,4.61,2.3,attempt_knowledge_share,None
6,6,6,30,68.0,17,0,4,4,6.62,5.5,rest,None
6,8,6,44,39.0,13,0.5,4,5,3.77,3.0,attempt_knowledge_share,None
6,7,6,37,53.0,18,1.0,3,3,5.67,3.0,attempt_collaboration,None
6,17,6,34,55.0,17,4.385408844560024,2.2,5,4.4,2.8,rest,LowEnergy
6,5,6,25,72,23,0.5,3,3,6.34,6.8,attempt_collaboration,None
6,2,6,41,34,14,0.5,2,4,4.75,2.3,strengthen_ties,None
6,13,6,37,58,18,0,3,4,5.77,4.0,rest,None
6,18,6,41,70.0,19,0,3,8,4.8,4.5,rest,None
6,19,6,21,27.0,9,2.9195413020603107,2,4,5.09,0,work_alone,None
6,10,6,35,12,4,1.5,3,4,3.66,0,strengthen_ties,None
6,11,6,27,61.0,13,0,4,3,5.95,1.5,strengthen_ties,None
6,4,6,38,52.0,16,0.5,3,5,4.7,3.3,attempt_knowledge_share,None
6,0,6,25,66.0,15,0.52415534573905,4,2,6.21,1.5,work_alone,None
6,9,6,63,26,8,3,3,2,4.51,1.8,rest,None
6,16,6,8,62.0,12,9.536948015718348,4,2,5.65,2.4,seek_help,HighStress_Moderate
6,12,6,29,51.0,10,3.9002521362718645,4.2,3,3.5,2.5,work_alone,None
6,1,6,24,60.0,11,2.424692360016504,2.2,1,8.0,3.2,work_alone,None
6,15,6,31,101.0,22,0.060653791557535364,2,6,5.0,5.5,rest,None
6,3,6,53,19.0,6,0,2,2,2.75,0,rest,None
6,14,6,19,15.0,4,4.095802838736899,2.1,6,2.82,1,seek_help,LowEnergy
7,10,7,51,12,4,0,3,4,3.66,0,rest,None
7,11,7,39,61.0,13,0,4,3,5.95,1.5,rest,None
7,13,7,25,66.0,18,0.34435668762945076,3,4,5.77,4.0,work_alone,None
7,1,7,19,60.0,11,3.424692360016504,2.2,1,9.5,3.2,seek_help,None
7,3,7,39,19.0,6,0.5,2,2,2.5,0,attempt_collaboration,None
7,5,7,37,72,23,0,3,3,6.34,6.8,rest,None
7,8,7,34,45.0,13,0.8206537817492546,4,5,3.81,3.0,work_alone,None
7,14,7,30,15.0,4,4.095802838736899,2.1,6,2.82,1,rest,LowEnergy
7,4,7,27,59.0,16,0.9442198695447522,3,5,4.7,3.3,work_alone,None
7,6,7,22,74.0,17,0.4807942162995111,4,4,6.62,5.5,work_alone,None
7,12,7,42,51.0,10,2.9002521362718645,4.2,3,3.5,2.5,rest,None
7,18,7,30,74.0,19,0.3339460610916837,3,8,4.8,4.5,work_alone,None
7,17,7,25,55.0,17,4.885408844560024,2.2,5,4.3,2.8,attempt_knowledge_share,None
7,0,7,20,66.0,15,2.52415534573905,4,2,5.71,1.5,seek_help,None
7,19,7,29,27.0,9,0.9195413020603107,2,4,5.09,0,rest,None
7,7,7,32,53.0,18,1.0,3,3,6.01,3.0,strengthen_ties,None
7,16,7,19,62.0,12,9.536948015718348,4,2,5.65,2.4,rest,HighStress
7,2,7,31,41.0,14,0.9600610425643203,2,4,4.75,2.3,work_alone,None
7,9,7,58,26,8,3,3,2,4.82,1.8,strengthen_ties,None
7,15,7,14,101.0,22,0.5606537915575354,2,6,5.02,5.5,attempt_collaboration,None
8,12,8,21,57.0,10,4.3043472732865995,4.2,3,3.17,2.5,work_alone,None
8,14,8,20,15.0,4,5.095802838736899,2.1,6,2.65,1,attempt_collaboration,None
8,9,8,47,31.0,8,3.2117532093114662,3,2,4.82,1.8,work_alone,None
8,13,8,20,66.0,18,2.3443566876294506,3,4,5.52,4.0,seek_help,None
8,8,8,29,45.0,13,0.8206537817492546,4,5,4.03,3.0,strengthen_ties,None
8,1,8,37,60.0,11,4.424692360016504,2.4,1,9.5,3.3,rest,LowEnergy
8,11,8,34,61.0,13,0,4,3,6.26,1.5,strengthen_ties,None
8,10,8,38,12,4,0.5,3,4,3.53,0,attempt_collaboration,None
8,18,8,22,79.0,19,0.7432602522392359,3,8,4.8,4.5,work_alone,None
8,17,8,34,55.0,17,3.8854088445600237,2.2,5,4.3,2.8,rest,None
8,0,8,15,66.0,15,4.52415534573905,4,2,5.29,1.5,seek_help,None
8,5,8,53,72,23,0,3,3,6.34,6.8,rest,None
8,16,8,31,62.0,12,10,4.08,2,5.65,2.5,rest,HighStress
8,15,8,24,101.0,22,0.5606537915575354,2,6,5.06,5.5,rest,LowEnergy
8,7,8,20,53.0,18,1.5,3,3,5.85,3.0,attempt_collaboration,None
8,3,8,28,22.0,6,0.9518735855417115,2,2,2.5,0,work_alone,None
8,19,8,47,27.0,9,0,2,4,5.09,0,rest,None
8,4,8,22,59.0,16,2.944219869544752,3,5,4.5,3.3,seek_help,None
8,6,8,17,74.0,17,2.480794216299511,4,4,6.38,5.5,seek_help,None
8,2,8,17,41.0,14,1.4600610425643203,2,4,4.63,2.3,attempt_collaboration,None
9,8,9,44,45.0,13,0,4,5,4.03,3.0,rest,None
9,6,9,28,74.0,17,1.4807942162995111,4,4,6.5,5.5,rest,LowEnergy
9,15,9,35,101.0,22,0,2,6,5.06,5.5,rest,None
9,16,9,21,62.0,12,10,4.08,2,5.15,2.5,seek_help,HighStress
9,17,9,25,58.0,17,4.2577215186238995,2.2,5,4.3,2.8,work_alone,None
9,13,9,15,66.0,18,4.344356687629451,3,4,5.27,4.0,seek_help,None
9,4,9,17,59.0,16,3.944219869544752,3,5,4.8,3.3,seek_help,None
9,9,9,38,37.0,8,3.616061873468373,3,2,4.82,1.8,work_alone,None
9,0,9,27,66.0,15,3.52415534573905,4,2,5.29,1.5,rest,LowEnergy
9,7,9,36,53.0,18,0,3,3,5.85,3.0,rest,None
9,11,9,26,64.0,13,0.2731965036429404,4,3,6.26,1.5,work_alone,None
9,3,9,43,22.0,6,0,2,2,2.5,0,rest,None
9,18,9,32,79.0,19,0,3,8,4.8,4.5,rest,None
9,2,9,35,41.0,14,0.46006104256432057,2.2,4,4.63,2.4,rest,LowEnergy
9,12,9,35,57.0,10,1.3043472732865995,4.2,3,3.17,2.5,rest,None
9,1,9,25,68.0,11,4.7504278698569475,2.4,1,9.5,3.3,work_alone,None
9,5,9,44,80.0,23,0.41192653564711307,3,3,6.34,6.8,work_alone,None
9,10,9,51,12,4,0,3,4,3.53,0,rest,None
9,19,9,37,27.0,9,0.5,2,4,5.09,0,attempt_collaboration,None
9,14,9,15,15.0,4,6.095802838736899,2.1,6,2.9,1,seek_help,None
10,11,10,37,64.0,13,0,4,3,6.26,1.5,rest,None
10,1,10,43,68.0,11,3.7504278698569475,2.4,1,9.5,3.3,rest,None
10,14,10,30,15.0,4,7.095802838736899,2.1,6,2.9,1,rest,HighStress_Moderate
10,0,10,35,66.0,15,2.52415534573905,4,2,5.29,1.5,rest,None
10,2,10,21,51.0,19,0.46006104256432057,2.2,5,4.5,3.9,attempt_collaboration,None
10,15,10,49,101.0,22,0,2,6,5.06,5.5,rest,None
10,16,10,24,62.0,12,9,4.08,2,5.15,2.5,rest,HighStress
10,10,10,65,12,4,0,3,4,3.53,0,rest,None
10,12,10,30,57.0,10,1.3043472732865995,4.2,3,4.33,2.5,strengthen_ties,None
10,3,10,33,30.0,6,0.3323519097679813,2,2,2.5,0,work_alone,None
10,19,10,27,27.0,9,1.0,2,4,4.97,0,attempt_collaboration,None
10,17,10,42,58.0,17,2.2577215186238995,2.2,5,4.3,2.8,rest,None
10,4,10,22,59.0,16,6.944219869544752,3.1,5,4.98,4.3,seek_help,LowEnergy
10,18,10,21,110.0,29,0,3.2,8,5.3,7.6,rest,LowEnergy
10,7,10,23,74.0,23,0,3,3,6.51,4.5,attempt_collaboration,None
10,6,10,41,74.0,17,0,4,4,6.62,5.5,rest,None
10,9,10,25,37.0,8,4.116061873468373,3,2,4.57,1.8,attempt_collaboration,None
10,13,10,33,66.0,18,4.344356687629451,3.2,4,5.27,4.1,rest,LowEnergy
10,8,10,34,48.0,13,0.02892664027353542,4,5,4.03,3.0,work_alone,None
10,5,10,55,80.0,23,0,3,3,6.34,6.8,rest,None
11,17,11,35,58.0,17,2.2577215186238995,2.2,5,4.5,4.3,attempt_knowledge_share,None
11,4,11,40,59.0,19,5.444219869544752,3.1,5,5.18,4.3,rest,None
11,13,11,24,71.0,18,4.827829137529142,3.2,4,5.3,4.1,work_alone,None
11,19,11,22,27.0,9,3.0,2,4,4.72,0,seek_help,None
11,1,11,31,75.0,11,3.920422713410311,2.4,1,9.5,3.3,work_alone,None
11,14,11,46,15.0,4,6.095802838736899,2.24,6,2.9,1.1,rest,HighStress_Moderate
11,15,11,44,101.0,22,0,2,6,5.24,5.5,strengthen_ties,None
11,10,11,55,12,4,0.5,3,4,3.41,0,attempt_collaboration,None
11,3,11,22,35.0,6,0.4030704832254739,2,2,2.5,0,work_alone,None
11,6,11,34,81.0,17,0.21126352972243972,4,4,6.62,5.5,work_alone,None
11,12,11,45,57.0,10,0.3043472732865995,4.2,3,4.33,2.5,rest,None
11,0,11,30,66.0,15,2.52415534573905,4,2,5.65,1.5,strengthen_ties,None
11,7,11,39,74.0,23,0,3,3,6.51,4.5,rest,None
11,5,11,43,87.0,23,0.03661282409717748,3,3,6.34,6.8,work_alone,None
11,2,11,16,51.0,19,2.4600610425643206,2.2,5,4.3,3.9,seek_help,None
11,16,11,35,62.0,12,8,4.22,2,5.15,2.6,rest,HighStress_Moderate
11,18,11,39,110.0,29,0,3.2,8,5.3,7.6,rest,None
11,8,11,23,56.0,13,0.3659523853421478,4,5,4.12,3.0,work_alone,None
11,9,11,35,37.0,8,3.1160618734683734,3,2,4.57,1.8,rest,None
11,11,11,26,64.0,13,0.5,4,3,6.09,1.5,attempt_collaboration,None
12,0,12,18,74.0,15,2.654599371431793,4,2,5.65,1.5,work_alone,None
12,17,12,52,58.0,17,0.25772151862389947,2.2,5,4.5,4.3,rest,None
12,7,12,26,95.0,29,-0.5,3,3,7.51,5.4,attempt_collaboration,None
12,18,12,31,146.0,38,0,3.2,8,5.85,10.3,rest,None
12,16,12,25,62.0,12,8,4.22,2,5.65,3.1,attempt_knowledge_share,HighStress_Moderate
12,5,12,35,87.0,23,0.03661282409717748,3,3,6.67,8.3,attempt_knowledge_share,None
12,10,12,43,15.0,4,0.8881388178708898,3,4,3.41,0,work_alone,None
12,11,12,38,64.0,13,0,4,3,6.09,1.5,rest,None
12,3,12,39,35.0,6,0,2,2,2.5,0,rest,None
12,9,12,30,37.0,8,3.1160618734683734,3,2,4.93,1.8,strengthen_ties,None
12,1,12,21,75.0,11,3.920422713410311,2.4,1,10.0,4.3,attempt_knowledge_share,None
12,4,12,24,80.0,24,5.444219869544752,3.1,5,5.58,5.8,attempt_collaboration,None
12,2,12,28,51.0,20,1.9600610425643206,2.2,5,4.5,3.9,rest,LowEnergy
12,8,12,41,56.0,13,0,4,5,4.12,3.0,rest,None
12,6,12,19,96.0,23,0.21126352972243972,4,4,7.12,7.3,attempt_collaboration,None
12,12,12,38,78.0,15,0,4.2,3,4.99,4.0,rest,None
12,14,12,41,15.0,4,6.095802838736899,2.24,6,3.06,1.1,strengthen_ties,None
12,13,12,42,71.0,18,3.8278291375291422,3.2,4,5.3,4.1,rest,None
12,15,12,37,109.0,24,0,2,6,5.4,5.5,work_alone,None
12,19,12,17,27.0,9,5.0,2,4,4.58,0,seek_help,None
13,0,13,32,74.0,15,1.654599371431793,4.2,2,5.65,1.6,rest,LowEnergy
13,4,13,19,80.0,24,7.444219869544752,3.1,5,5.38,5.8,seek_help,None
13,8,13,27,56.0,13,0.5,4,5,4.02,3.0,attempt_collaboration,None
13,16,13,35,62.0,12,7,4.36,2,5.65,3.2,rest,HighStress_Moderate
13,10,13,33,30.0,9,0.8881388178708898,3,4,3.91,1.5,attempt_collaboration,None
13,2,13,41,51.0,20,0,2.2,5,4.5,3.9,rest,None
13,13,13,34,78.0,18,4.247442606228102,3.2,4,5.3,4.1,work_alone,None
13,17,13,45,62.0,17,0.6704308203779537,2.2,5,4.59,4.3,work_alone,None
13,11,13,31,72.0,13,0.39318990440624096,4,3,6.25,1.5,work_alone,None
13,14,13,36,15.0,4,6.095802838736899,2.24,6,3.22,1.1,strengthen_ties,None
13,5,13,30,87.0,23,0.03661282409717748,3,3,7.01,8.3,strengthen_ties,None
13,15,13,28,109.0,24,0.5,2,6,5.43,5.5,attempt_knowledge_share,None
13,9,13,20,42.0,8,3.4594176754259762,3,2,4.93,1.8,work_alone,None
13,7,13,21,95.0,29,1.5,3,3,7.18,5.4,seek_help,None
13,18,13,28,161.0,43,0,3.2,8,6.1,11.8,rest,LowEnergy
13,19,13,30,27.0,9,4.0,2,4,4.58,0,rest,LowEnergy
13,6,13,14,96.0,23,4.21126352972244,4,4,6.88,7.3,seek_help,LowEnergy
13,3,13,22,35.0,6,0.5,2,2,2.5,0,attempt_collaboration,None
13,12,13,33,78.0,15,0,4.2,3,5.35,4.0,strengthen_ties,None
13,1,13,16,75.0,11,4.920422713410311,2.4,1,10.0,4.3,seek_help,None
14,17,14,38,62.0,17,0.6704308203779537,2.2,5,4.79,5.3,attempt_knowledge_share,None
14,12,14,16,78.0,15,0.5,4.2,3,5.19,4.0,attempt_collaboration,None
14,14,14,49,15.0,6,3.5958028387368994,2.24,6,3.39,1.1,rest,None
14,2,14,26,51.0,20,1,2.2,5,4.3,3.9,attempt_collaboration,None
14,1,14,19,75.0,11,7.920422713410311,2.5,1,10.0,5.3,seek_help,LowEnergy
14,8,14,45,56.0,13,0,4,5,4.02,3.0,rest,None
14,11,14,23,72.0,13,0.893189904406241,4,3,6.09,1.5,attempt_knowledge_share,None
14,16,14,25,67.0,12,7.022608537582297,4.36,2,5.65,3.2,work_alone,None
14,4,14,23,80.0,24,6.444219869544753,3.1,5,5.38,5.8,rest,HighStress
14,13,14,29,78.0,18,4.247442606228102,3.2,4,5.49,4.1,strengthen_ties,None
14,3,14,36,35.0,6,0,2,2,2.5,0,rest,None
14,0,14,47,74.0,15,0,4.2,2,5.87,1.6,rest,None
14,7,14,24,117.0,33,0,3,3,7.51,6.6,rest,None
14,19,14,47,27.0,9,2.0,2,4,4.58,0,rest,None
14,9,14,29,42.0,8,1.4594176754259762,3,2,4.93,1.8,rest,None
14,18,14,41,161.0,43,0,3.2,8,6.1,11.8,rest,None
14,15,14,19,109.0,24,2.5,2,6,5.35,5.5,seek_help,None
14,10,14,36,30.0,9,2.8881388178708898,3.2,4,3.66,1.6,rest,LowEnergy
14,6,14,9,96.0,23,8.21126352972244,4,4,6.62,7.3,seek_help,LowEnergy
14,5,14,18,109.0,27,0.03661282409717748,3,3,7.01,9.5,attempt_collaboration,None
15,3,15,31,35.0,6,0,2,2,3.02,0,strengthen_ties,None
15,17,15,31,62.0,17,0.6704308203779537,2.2,5,4.99,5.8,attempt_knowledge_share,None
15,10,15,23,30.0,9,3.8881388178708898,3.2,4,3.41,1.6,attempt_collaboration,None
15,14,15,49,15.0,7,1.0958028387368994,2.24,6,3.45,1.1,rest,None
15,9,15,39,42.0,8,0,3,2,4.93,1.8,rest,None
15,15,15,25,109.0,24,3.5,2,6,5.43,5.5,rest,LowEnergy
15,12,15,17,78.0,15,3.5,4.3,3,5.69,5.0,seek_help,LowEnergy
15,5,15,13,109.0,27,4.036612824097178,3,3,6.68,9.5,seek_help,LowEnergy
15,7,15,19,117.0,33,2,3,3,7.18,6.6,seek_help,None
15,2,15,21,51.0,20,3,2.2,5,4.1,3.9,seek_help,None
15,13,15,39,78.0,18,1.2474426062281019,3.2,4,5.56,4.1,rest,None
15,11,15,33,72.0,13,0,4,3,6.09,1.5,rest,None
15,4,15,30,102.0,28,4.444219869544753,3.1,5,5.78,7.0,rest,None
15,1,15,23,75.0,11,7.920422713410311,2.5,1,10.0,5.3,rest,HighStress
15,19,15,42,27.0,9,2.0,2,4,4.72,0,strengthen_ties,None
15,18,15,55,161.0,43,0,3.2,8,6.1,11.8,rest,None
15,0,15,63,74.0,15,0,4.2,2,5.87,1.6,rest,None
15,6,15,12,96.0,23,9.21126352972244,4,4,6.62,7.3,rest,HighStress
15,8,15,33,78.0,17,0,4,5,4.42,4.2,attempt_collaboration,None
15,16,15,40,67.0,12,4.022608537582297,4.5,2,5.65,3.3,rest,HighStress_Moderate
16,0,16,47,91.0,21,0,4.2,2,7.56,3.4,strengthen_ties,None
16,13,16,29,84.0,18,1.5593541164072762,3.2,4,5.56,4.1,work_alone,None
16,11,16,19,89.0,19,0,4,3,6.83,3.3,attempt_collaboration,None
16,12,16,33,78.0,15,2.5,4.5,3,5.69,5.1,rest,LowEnergy
16,4,16,25,102.0,28,4.444219869544753,3.1,5,6.06,7.0,strengthen_ties,None
16,15,16,20,109.0,24,5.5,2,6,5.28,5.5,seek_help,None
16,7,16,28,117.0,33,2,3,3,7.18,6.6,rest,LowEnergy
16,10,16,39,30.0,9,0.8881388178708898,3.2,4,3.41,1.6,rest,None
16,6,16,2,96.0,23,10,4,4,7.0,7.3,seek_help,HighStress
16,1,16,31,75.0,11,4.920422713410311,2.64,1,10.0,5.4,rest,HighStress_Moderate
16,8,16,28,78.0,17,0,4,5,4.73,4.2,strengthen_ties,None
16,3,16,15,35.0,6,0.5,2,2,2.77,0,attempt_collaboration,None
16,2,16,16,51.0,20,4,2.2,5,4.5,3.9,seek_help,None
16,17,16,18,84.0,21,0.6704308203779537,2.2,5,5.39,7.0,attempt_collaboration,None
16,5,16,8,109.0,27,8.036612824097178,3,3,6.34,9.5,seek_help,LowEnergy
16,19,16,29,27.0,9,3.0,2,4,4.47,0,attempt_collaboration,None
16,14,16,27,18.0,7,2.2885257015019422,2.24,6,3.29,1.1,work_alone,None
16,9,16,24,61.0,10,0,3,2,5.93,2.4,attempt_collaboration,None
16,16,16,35,67.0,12,4.022608537582297,4.5,2,6.04,3.3,strengthen_ties,None
16,18,16,26,207.0,49,0.27063138106188317,3.2,8,6.72,13.6,work_alone,None
17,18,17,34,207.0,49,0,3.2,8,6.85,13.6,rest,None
17,8,17,44,78.0,17,0,4,5,4.73,4.2,rest,None
17,17,17,21,84.0,21,3.6704308203779537,2.3,5,5.69,8.0,seek_help,LowEnergy
17,19,17,24,27.0,9,5.0,2,4,4.22,0,seek_help,None
17,3,17,23,35.0,6,0.5,2,2,2.77,0,rest,LowEnergy
17,7,17,44,117.0,33,0,3,3,7.18,6.6,rest,None
17,11,17,35,89.0,19,0,4.2,3,6.98,3.4,rest,LowEnergy
17,15,17,34,109.0,24,4.5,2,6,5.28,5.5,rest,None
17,5,17,12,109.0,27,9.036612824097178,3,3,6.34,9.5,rest,HighStress
17,12,17,26,86.0,15,2.566266254351478,4.5,3,5.69,5.1,work_alone,None
17,9,17,39,61.0,10,0,3,2,5.93,2.4,rest,None
17,6,17,11,96.0,23,9,4,4,7.0,7.3,rest,HighStress
17,13,17,45,84.0,18,0,3.2,4,5.56,4.1,rest,None
17,1,17,24,80.0,11,5.067039435161974,2.64,1,10.0,5.4,work_alone,None
17,0,17,42,91.0,21,0,4.2,2,8.22,3.4,strengthen_ties,None
17,4,17,43,102.0,28,2.444219869544753,3.1,5,6.06,7.0,rest,None
17,16,17,23,67.0,12,4.022608537582297,4.5,2,6.54,4.3,attempt_knowledge_share,None
17,10,17,27,36.0,9,1.0609732769713156,3.2,4,3.41,1.6,work_alone,None
17,14,17,38,18.0,7,0,2.24,6,3.29,1.1,rest,None
17,2,17,21,51.0,22,6.5,2.3,5,5.0,4.9,seek_help,LowEnergy
18,7,18,37,117.0,33,0,3,3,7.51,7.6,attempt_knowledge_share,None
18,2,18,30,51.0,22,4.5,2.3,5,5.0,4.9,rest,None
18,10,18,22,36.0,9,2.060973276971316,3.2,4,3.78,1.6,seek_help,None
18,11,18,43,89.0,19,0,4.2,3,6.98,3.4,rest,None
18,13,18,54,84.0,18,0,3.2,4,5.56,4.1,rest,None
18,1,18,37,80.0,12,1.5670394351619743,2.64,1,10.0,5.4,rest,None
18,4,18,35,108.0,29,2.0900860739980756,3.1,5,6.26,7.0,work_alone,None
18,3,18,41,35.0,6,0,2,2,2.77,0,rest,None
18,14,18,31,26.0,7,0.45053574167686083,2.24,6,3.29,1.1,work_alone,None
18,12,18,44,86.0,15,0,4.5,3,5.69,5.1,rest,None
18,9,18,31,68.0,10,0.43220142345915585,3,2,5.93,2.4,work_alone,None
18,19,18,35,27.0,9,4.0,2,4,4.22,0,rest,None
18,16,18,40,67.0,12,3.022608537582297,4.5,2,6.54,4.3,rest,None
18,18,18,25,207.0,49,0,3.2,8,7.04,14.1,attempt_knowledge_share,None
18,6,18,23,96.0,23,10,4,4,7.0,7.3,rest,HighStress
18,17,18,16,84.0,21,5.670430820377954,2.3,5,5.49,8.0,seek_help,None
18,8,18,62,78.0,17,0,4,5,4.73,4.2,rest,None
18,5,18,17,109.0,29,8.536612824097178,3,3,6.68,9.5,rest,HighStress
18,15,18,23,109.0,24,4.5,2,6,5.45,6.0,attempt_knowledge_share,None
18,0,18,57,91.0,21,0,4.2,2,8.22,3.4,rest,None
19,6,19,29,96.0,23,9,4,4,7.0,7.3,rest,HighStress
19,3,19,30,35.0,6,1,2,2,2.27,0,attempt_collaboration,None
19,14,19,36,26.0,7,0.4505357416768607,2.44,6,3.12,1.2,rest,LowEnergy
19,19,19,24,31.0,9,4.427182135790869,2,4,4.22,0,work_alone,None
19,16,19,29,67.0,14,3.022608537582297,4.5,2,6.79,4.3,attempt_knowledge_share,None
19,12,19,35,92.0,15,0.01964256779175505,4.5,3,5.69,5.1,work_alone,None
19,7,19,25,117.0,33,0.5,3,3,7.35,7.6,attempt_collaboration,None
19,1,19,32,80.0,12,1.5670394351619743,2.64,1,10.0,5.4,strengthen_ties,None
19,2,19,22,55.0,22,4.812539471740464,2.3,5,5.0,4.9,work_alone,None
19,18,19,34,207.0,49,0,3.2,8,7.13,14.1,rest,None
19,0,19,49,99.0,21,0.1906679591482766,4.2,2,8.22,3.4,work_alone,None
19,10,19,30,36.0,9,1.0609732769713158,3.2,4,3.78,1.6,rest,None
19,11,19,31,89.0,19,0,4.2,3,7.32,4.4,attempt_knowledge_share,None
19,15,19,36,109.0,24,3.5,2,6,5.51,6.0,rest,None
19,17,19,11,84.0,21,8.670430820377954,2.3,5,5.79,8.0,seek_help,HighStress_Moderate
19,8,19,50,99.0,22,0,4,5,5.13,5.7,attempt_collaboration,None
19,13,19,46,91.0,18,0.3690444658688526,3.2,4,5.56,4.1,work_alone,None
19,9,19,26,68.0,10,0.43220142345915585,3,2,6.22,2.4,strengthen_ties,None
19,4,19,33,129.0,34,0,3.1,5,6.58,8.5,rest,None
19,5,19,7,109.0,29,10,3,3,6.34,9.5,seek_help,HighStress
20,16,20,40,67.0,14,2.022608537582297,4.5,2,6.79,4.3,rest,None
20,4,20,22,149.0,39,0,3.1,5,6.98,10.0,attempt_collaboration,None
20,19,20,37,31.0,9,2.4271821357908694,2,4,4.22,0,rest,None
20,1,20,24,85.0,12,1.7443304140237115,2.64,1,10.0,5.4,work_alone,None
20,9,20,41,68.0,10,0,3,2,6.22,2.4,rest,None
20,3,20,16,35.0,6,2,2,2,1.77,0,attempt_collaboration,None
20,11,20,26,89.0,23,-0.5,4.2,4,6.46,4.4,strengthen_ties,None
20,14,20,21,26.0,7,0.9505357416768607,2.44,5,3.66,1.2,attempt_collaboration,None
20,0,20,41,99.0,20,0.1906679591482766,4.2,2,8.29,5.4,attempt_knowledge_share,None
20,2,20,30,55.0,22,1.8125394717404637,2.3,5,5.0,4.9,rest,None
20,17,20,16,84.0,21,8.670430820377954,2.3,5,5.79,8.0,rest,HighStress
20,10,20,13,50.0,14,1.0609732769713158,3.2,4,4.28,3.1,attempt_collaboration,None
20,18,20,36,227.0,54,0,3.2,8,7.38,15.6,rest,None
20,15,20,28,114.0,24,3.944537136062983,2,6,5.55,6.0,work_alone,None
20,7,20,20,117.0,33,2.5,3,3,7.01,7.6,seek_help,None
20,5,20,14,109.0,29,9,3,3,6.34,9.5,rest,HighStress
20,12,20,30,92.0,15,0.01964256779175505,4.5,4,4.74,5.1,strengthen_ties,None
20,13,20,35,91.0,18,0.8690444658688525,3.2,4,5.44,4.1,attempt_knowledge_share,None
20,8,20,37,113.0,27,0,4,5,5.33,7.2,rest,None
20,6,20,42,96.0,23,8,4.14,4,7.0,7.4,rest,HighStress_Moderate
21,14,21,33,26.0,7,0,2.44,5,3.66,1.2,rest,None
21,10,21,23,50.0,14,0.060973276971315826,3.2,4,4.28,3.1,rest,LowEnergy
21,12,21,25,92.0,15,0.01964256779175505,4.5,4,4.75,5.1,strengthen_ties,None
21,0,21,31,105.0,20,0.5869713743658301,4.2,2,8.29,5.4,work_alone,None
21,7,21,29,117.0,33,1.5,3,3,7.01,7.6,rest,None
21,19,21,46,31.0,10,-0.5,2,4,4.47,0,rest,None
21,6,21,32,101.6,23,8.408310283615888,4.14,4,7.0,7.4,work_alone,HighStress_Moderate
21,18,21,24,227.0,54,0.5,3.2,8,7.32,15.6,attempt_knowledge_share,None
21,2,21,20,55.0,22,1.8125394717404637,2.3,5,5.2,5.4,attempt_knowledge_share,None
21,1,21,42,85.0,12,0.7443304140237115,2.64,1,10.0,5.4,rest,None
21,5,21,21,109.0,29,8,3,3,6.34,9.5,rest,HighStress
21,13,21,43,91.0,18,0,3.2,4,5.44,4.1,rest,None
21,16,21,56,67.0,14,0,4.5,2,6.79,4.3,rest,None
21,4,21,33,149.0,39,0,3.1,5,6.98,10.0,rest,None
21,11,21,36,89.0,23,0,4.2,4,6.46,4.4,rest,None
21,17,21,6,84.0,21,10,2.3,5,5.79,8.0,seek_help,HighStress
21,15,21,23,114.0,24,5.9445371360629835,2,6,5.46,6.0,seek_help,None
21,8,21,29,121.0,27,0.2299407849373305,4,5,5.33,7.2,work_alone,None
21,3,21,34,35.0,6,2,2.2,2,1.77,0.1,rest,LowEnergy
21,9,21,33,75.0,10,0.2531305133285367,3,2,6.22,2.4,work_alone,None
22,15,22,18,114.0,24,7.9445371360629835,2,6,5.29,6.0,seek_help,None
22,18,22,25,252.0,58,-0.5,3.2,8,7.69,16.5,rest,None
22,12,22,37,92.0,15,0,4.5,4,4.75,5.1,rest,None
22,3,22,25,43.0,6,2.4037293897097194,2.2,2,1.77,0.1,work_alone,None
22,7,22,43,117.0,33,0.5,3,3,7.01,7.6,rest,None
22,16,22,51,67.0,14,0,4.5,2,7.3,4.3,strengthen_ties,None
22,9,22,20,100.0,13,0.2531305133285367,3,2,7.22,3.3,attempt_collaboration,None
22,4,22,26,149.0,39,0,3.1,5,7.18,10.5,attempt_knowledge_share,None
22,5,22,33,109.0,32,6.5,3.14,3,6.68,9.6,rest,HighStress_Moderate
22,11,22,31,89.0,23,0,4.2,4,6.57,4.4,strengthen_ties,None
22,1,22,35,85.0,12,1.2443304140237115,2.64,1,9.5,5.4,attempt_knowledge_share,None
22,10,22,18,50.0,14,2.060973276971316,3.2,4,4.03,3.1,seek_help,None
22,0,22,23,105.0,20,0.5869713743658301,4.2,2,8.79,6.4,attempt_knowledge_share,None
22,2,22,17,76.0,27,0,2.3,5,5.6,6.9,rest,None
22,13,22,36,91.0,20,0,3.2,4,5.94,5.6,attempt_knowledge_share,None
22,17,22,1,84.0,21,10,2.3,5,5.79,8.0,seek_help,HighStress
22,6,22,20,106.5,23,8.872329650367105,4.14,4,7.0,7.4,work_alone,HighStress_Moderate
22,19,22,32,52.0,15,0,2,4,4.97,1.5,attempt_collaboration,None
22,8,22,37,121.0,27,0,4,5,5.33,7.2,rest,None
22,14,22,17,26.0,7,0.5,2.44,5,3.56,1.2,attempt_collaboration,None
23,15,23,8,114.0,24,10,2,6,5.17,6.0,seek_help,HighStress
23,4,23,34,149.0,39,0,3.1,5,7.18,10.5,rest,None
23,0,23,18,105.0,20,2.58697137436583,4.2,2,8.29,6.4,seek_help,None
23,18,23,32,252.0,58,0,3.2,8,7.82,16.5,rest,None
23,7,23,31,117.0,33,1.0,3,3,6.85,7.6,attempt_knowledge_share,None
23,13,23,19,91.0,20,0.5,3.2,4,5.81,5.6,attempt_collaboration,None
23,9,23,15,100.0,13,1.2531305133285366,3,2,7.82,3.3,seek_help,None
23,16,23,66,67.0,14,0,4.5,2,7.3,4.3,rest,None
23,17,23,11,84.0,21,9,2.3,5,5.79,8.0,rest,HighStress
23,19,23,38,52.0,15,0,2,4,5.1,1.5,rest,None
23,12,23,32,92.0,15,0,4.5,4,4.75,5.1,strengthen_ties,None
23,10,23,21,50.0,14,5.060973276971316,3.3,4,4.41,4.1,seek_help,LowEnergy
23,8,23,23,121.0,27,0.5,4,5,5.23,7.2,attempt_collaboration,None
23,6,23,33,106.5,23,7.872329650367105,4.28,4,7.0,7.5,rest,HighStress_Moderate
23,11,23,15,112.0,25,0,4.2,4,7.07,5.0,attempt_collaboration,None
23,5,23,31,132.0,34,3.5,3.14,3,7.34,10.2,rest,None
23,14,23,22,26.0,7,3.5,2.54,5,3.86,2.2,seek_help,LowEnergy
23,2,23,26,76.0,27,0,2.3,5,5.6,6.9,rest,LowEnergy
23,1,23,24,85.0,12,1.7443304140237115,2.64,1,9.0,5.4,attempt_knowledge_share,None
23,3,23,38,43.0,6,0.4037293897097194,2.2,2,1.77,0.1,rest,None
24,7,24,26,117.0,33,1.0,3,3,7.15,7.6,strengthen_ties,None
24,3,24,28,49.0,6,0.5918635805468244,2.2,2,1.77,0.1,work_alone,None
24,8,24,36,121.0,27,0,4,5,5.23,7.2,rest,None
24,9,24,25,100.0,13,1.2531305133285366,3,2,7.82,3.3,rest,LowEnergy
24,10,24,31,50.0,14,4.060973276971316,3.3,4,4.41,4.1,rest,None
24,0,24,13,105.0,20,6.58697137436583,4.2,2,7.79,6.4,seek_help,LowEnergy
24,2,24,21,89.0,29,0,2.3,5,6.0,7.5,rest,None
24,5,24,47,132.0,34,0.5,3.14,3,7.34,10.2,rest,None
24,6,24,17,106.5,23,8.372329650367105,4.28,4,6.88,7.5,attempt_collaboration,HighStress_Moderate
24,12,24,27,92.0,16,-0.5,4.5,4,5.3,5.1,strengthen_ties,None
24,14,24,17,26.0,7,4.5,2.54,5,3.97,2.2,seek_help,None
24,18,24,19,252.0,58,0.5,3.2,8,7.79,16.5,attempt_collaboration,None
24,13,24,31,91.0,20,0.5,3.4,4,5.81,5.7,rest,LowEnergy
24,19,24,30,55.0,15,0.11647654895210036,2,4,5.22,1.5,work_alone,None
24,1,24,41,85.0,12,0,2.64,1,9.0,5.4,rest,None
24,11,24,10,112.0,25,4,4.2,4,6.82,5.0,seek_help,LowEnergy
24,15,24,1,114.0,24,10,2,6,5.01,6.0,seek_help,HighStress
24,16,24,53,80.0,16,0,4.5,2,8.3,4.9,attempt_collaboration,None
24,4,24,26,149.0,39,0,3.1,5,7.41,11.0,attempt_knowledge_share,None
24,17,24,16,84.0,21,10,2.3,5,5.79,8.0,rest,HighStress
25,19,25,19,55.0,15,0.6164765489521004,2,4,5.1,1.5,attempt_knowledge_share,None
25,5,25,35,132.0,34,1.0,3.14,3,7.18,10.2,attempt_collaboration,None
25,8,25,26,128.0,27,0.09439541423139441,4,5,5.23,7.2,work_alone,None
25,18,25,29,252.0,58,0,3.2,8,7.85,16.5,rest,LowEnergy
25,9,25,33,100.0,13,0,3,2,7.82,3.3,rest,None
25,10,25,21,57.0,14,4.435988969949197,3.3,4,4.41,4.1,work_alone,None
25,14,25,28,26.0,7,5.5,2.54,5,3.97,2.2,rest,LowEnergy
25,16,25,48,80.0,16,0,4.5,2,8.76,4.9,strengthen_ties,None
25,7,25,34,117.0,33,0,3,3,7.15,7.6,rest,None
25,6,25,7,106.5,23,10,4.28,4,7.23,7.5,seek_help,HighStress
25,13,25,26,91.0,20,0.5,3.4,4,6.18,5.7,strengthen_ties,None
25,15,25,14,114.0,24,10,2,6,5.04,6.0,rest,HighStress
25,4,25,38,149.0,39,0,3.1,5,7.41,11.0,rest,None
25,12,25,36,92.0,16,0,4.5,4,5.3,5.1,rest,None
25,11,25,5,112.0,25,8,4.2,4,6.59,5.0,seek_help,LowEnergy
25,0,25,28,105.0,20,6.586971374365831,4.2,2,7.79,6.4,rest,HighStress_Moderate
25,2,25,37,89.0,29,0,2.3,5,6.0,7.5,rest,None
25,17,25,24,84.0,21,10,2.3,5,5.79,8.0,rest,HighStress
25,3,25,23,49.0,6,2.5918635805468244,2.2,2,1.27,0.1,seek_help,None
25,1,25,36,85.0,12,0,2.64,1,10.0,5.4,strengthen_ties,None
26,10,26,36,57.0,14,1.4359889699491966,3.3,4,4.41,4.1,rest,None
26,11,26,17,112.0,25,9,4.2,4,6.59,5.0,rest,HighStress
26,15,26,27,114.0,24,10,2,6,5.04,6.0,rest,HighStress
26,12,26,48,92.0,16,0,4.5,4,5.3,5.1,rest,None
26,0,26,23,105.0,20,8.586971374365831,4.2,2,7.29,6.4,seek_help,None
26,8,26,42,128.0,27,0,4,5,5.23,7.2,rest,None
26,4,26,29,155.0,39,0.3487861291992043,3.1,5,7.41,11.0,work_alone,None
26,14,26,36,26.0,7,4.5,2.54,5,3.97,2.2,rest,None
26,9,26,23,100.0,13,0.5,3,2,7.57,3.3,attempt_knowledge_share,None
26,5,26,50,132.0,34,0,3.14,3,7.18,10.2,rest,None
26,18,26,24,252.0,58,2,3.2,8,7.79,16.5,seek_help,None
26,7,26,26,124.0,33,0.2570104197673915,3,3,7.15,7.6,work_alone,None
26,3,26,18,49.0,6,4.591863580546825,2.2,2,0.77,0.1,seek_help,None
26,16,26,43,80.0,16,0,4.5,2,9.12,4.9,strengthen_ties,None
26,1,26,19,85.0,12,0.5,2.64,1,9.5,5.4,attempt_collaboration,None
26,2,26,26,92.0,29,0.03985172408327908,2.3,5,6.07,7.5,work_alone,None
26,13,26,21,91.0,20,2.5,3.4,4,5.93,5.7,seek_help,None
26,17,26,14,84.0,21,10,2.3,5,5.59,8.0,seek_help,HighStress
26,19,26,29,55.0,15,1.6164765489521002,2,4,5.1,1.5,rest,LowEnergy
26,6,26,1,106.5,23,10,4.28,4,7.23,7.5,seek_help,HighStress
27,14,27,26,26.0,7,5.0,2.54,5,3.87,2.2,attempt_collaboration,None
27,0,27,38,105.0,20,5.586971374365831,4.34,2,7.29,6.5,rest,HighStress_Moderate
27,7,27,40,124.0,33,0,3,3,7.15,7.6,rest,None
27,17,27,23,84.0,21,10,2.3,5,5.59,8.0,rest,HighStress
27,19,27,24,55.0,15,3.6164765489521002,2,4,4.85,1.5,seek_help,None
27,12,27,40,97.0,16,0.03188273932361191,4.5,4,5.3,5.1,work_alone,None
27,2,27,35,92.0,29,0,2.3,5,6.07,7.5,rest,None
27,10,27,25,64.0,14,1.4880930894460351,3.3,4,4.41,4.1,work_alone,None
27,1,27,23,85.0,12,3.5,2.74,1,10.0,6.4,seek_help,LowEnergy
27,5,27,39,132.0,34,0.5,3.14,3,7.01,10.2,attempt_collaboration,None
27,9,27,18,100.0,13,2.5,3,2,7.07,3.3,seek_help,None
27,11,27,22,112.0,25,9,4.2,4,6.59,5.0,rest,HighStress
27,18,27,35,252.0,58,0,3.2,8,7.79,16.5,rest,None
27,8,27,34,134.0,27,0.12189126120250621,4,5,5.23,7.2,work_alone,None
27,3,27,28,49.0,6,4.591863580546825,2.2,2,0.77,0.1,rest,LowEnergy
27,13,27,32,91.0,20,1.5,3.4,4,5.93,5.7,rest,None
27,6,27,10,106.5,23,10,4.28,4,7.23,7.5,rest,HighStress
27,16,27,27,80.0,16,0.5,4.5,2,8.87,4.9,attempt_collaboration,None
27,4,27,47,155.0,39,0,3.1,5,7.41,11.0,rest,None
27,15,27,27,114.0,24,9,2,6,5.12,6.0,rest,HighStress
28,0,28,55,105.0,20,2.586971374365831,4.34,2,7.29,6.5,rest,None
28,8,28,29,134.0,27,0.12189126120250621,4,5,5.38,7.2,strengthen_ties,None
28,14,28,44,26.0,7,3.0,2.54,5,3.87,2.2,rest,None
28,3,28,39,49.0,6,3.591863580546825,2.2,2,0.77,0.1,rest,None
28,2,28,27,95.0,29,0.33144006419246674,2.3,5,6.07,7.5,work_alone,None
28,5,28,31,138.0,34,0.7851034985713962,3.14,3,7.14,10.2,work_alone,None
28,15,28,40,114.0,24,7,2.14,6,5.12,6.1,rest,HighStress_Moderate
28,13,28,22,91.0,20,2.0,3.4,4,5.8,5.7,attempt_collaboration,None
28,10,28,38,64.0,18,-0.011906910553964867,3.3,4,4.46,4.1,rest,None
28,18,28,24,252.0,57,0,3.2,8,7.97,18.5,attempt_knowledge_share,None
28,7,28,35,124.0,33,0,3,3,7.36,7.6,strengthen_ties,None
28,17,28,13,84.0,21,10,2.3,5,5.79,8.0,seek_help,HighStress
28,12,28,31,104.0,16,0.2462038128904398,4.5,4,5.3,5.1,work_alone,None
28,4,28,39,160.0,39,0.45028043027642395,3.1,5,7.41,11.0,work_alone,None
28,11,28,17,112.0,25,10,4.2,4,6.34,5.0,seek_help,HighStress_Moderate
28,6,28,22,106.5,23,10,4.28,4,7.23,7.5,rest,HighStress
28,19,28,34,55.0,15,2.6164765489521002,2,4,4.85,1.5,rest,None
28,1,28,38,85.0,12,2.5,2.74,1,10.0,6.4,rest,None
28,16,28,22,80.0,16,2.5,4.5,2,8.37,4.9,seek_help,None
28,9,28,35,100.0,13,3.5,3.2,2,7.07,3.4,rest,LowEnergy
29,5,29,23,138.0,34,0.7851034985713962,3.14,3,7.47,10.7,attempt_knowledge_share,None
29,9,29,22,100.0,13,4.0,3.2,2,6.82,3.4,attempt_collaboration,None
29,6,29,31,106.5,23,9,4.36,4,7.23,7.6,rest,HighStress
29,8,29,38,134.0,27,0,4,5,5.38,7.2,rest,None
29,7,29,49,124.0,34,0,3,3,7.49,7.6,rest,None
29,2,29,35,95.0,29,0,2.3,5,6.15,7.5,rest,None
29,12,29,21,112.0,16,0.3095142697174526,4.5,4,5.3,5.1,work_alone,None
29,14,29,39,26.0,7,3.0,2.54,5,3.97,2.2,strengthen_ties,None
29,18,29,42,252.0,57,0,3.2,8,7.99,18.5,rest,None
29,0,29,45,105.0,20,3.086971374365831,4.34,2,7.04,6.5,attempt_collaboration,None
29,4,29,32,166.0,39,0.7742784723594693,3.1,5,7.41,11.0,work_alone,None
29,11,29,29,112.0,25,10,4.2,4,6.34,5.0,rest,HighStress
29,16,29,40,80.0,16,1.5,4.5,2,8.37,4.9,rest,None
29,3,29,27,52.0,6,3.918673909174056,2.2,2,0.77,0.1,work_alone,None
29,1,29,33,85.0,12,2.5,2.74,1,10.0,6.4,strengthen_ties,None
29,17,29,25,84.0,21,9,2.3,5,5.79,8.0,rest,HighStress
29,19,29,22,61.0,15,2.7679593961771376,2,4,4.85,1.5,work_alone,None
29,13,29,33,91.0,20,0,3.4,4,5.8,5.7,rest,None
29,10,29,33,64.0,18,0,3.3,4,4.63,4.1,strengthen_ties,None
29,15,29,29,117.0,24,7.274980555222812,2.14,6,5.15,6.1,work_alone,None
30,4,30,22,172.0,39,0.8400971240699309,3.1,6,6.67,11.0,work_alone,None
30,10,30,24,64.0,18,0.5,3.3,5,4.0,4.1,attempt_knowledge_share,None
30,14,30,25,26.0,7,3.5,2.54,5,3.87,2.2,attempt_collaboration,None
30,15,30,47,117.0,24,5.274980555222812,2.28,6,5.15,6.2,rest,HighStress_Moderate
30,6,30,44,106.5,23,6,4.5,4,7.23,7.7,rest,HighStress_Moderate
30,19,30,40,61.0,15,1.7679593961771376,2,5,4.28,1.5,rest,None
30,1,30,26,93.0,12,2.6849423061469544,2.74,1,10.0,6.4,work_alone,None
30,8,30,30,142.0,27,0.19522091085030902,4,5,5.38,7.2,work_alone,None
30,16,30,28,80.0,16,1.5,4.5,2,8.87,5.9,attempt_knowledge_share,None
30,5,30,35,138.0,34,0,3.14,4,6.11,10.7,rest,None
30,12,30,36,112.0,16,0,4.5,4,5.3,5.1,rest,None
30,3,30,22,52.0,6,5.918673909174056,2.2,2,0.27,0.1,seek_help,None
30,9,30,32,100.0,13,1.0,3.2,2,6.82,3.4,rest,None
30,18,30,32,252.0,57,0.5,3.2,8,7.93,18.5,attempt_collaboration,None
30,13,30,25,99.0,20,0.010341472652706851,3.4,4,5.8,5.7,work_alone,None
30,2,30,47,95.0,29,0,2.3,5,6.15,7.5,rest,None
30,11,30,22,128.0,33,6.5,4.28,4,7.09,6.9,rest,HighStress
30,7,30,42,129.0,34,0.2789659720906936,3,3,7.49,7.6,work_alone,None
30,17,30,40,84.0,21,6,2.44,5,5.79,8.1,rest,HighStress_Moderate
30,0,30,33,121.0,26,3.086971374365831,4.34,2,8.04,8.3,attempt_collaboration,None
31,1,31,39,93.0,12,1.6849423061469544,2.74,1,10.0,6.4,rest,None
31,6,31,35,114.5,23,6.345995379245056,4.5,4,7.23,7.7,work_alone,None
31,16,31,23,80.0,16,2.5,4.5,2,9.37,5.9,seek_help,None
31,19,31,53,61.0,15,0.7679593961771376,2,5,4.38,1.5,rest,None
31,15,31,36,117.0,24,5.774980555222812,2.28,6,5.13,6.2,attempt_collaboration,None
31,2,31,36,95.0,29,0.5,2.3,5,6.15,7.5,attempt_knowledge_share,None
31,14,31,20,26.0,7,4.5,2.54,5,3.97,2.2,seek_help,None
31,17,31,35,84.0,21,6,2.44,5,5.93,8.1,strengthen_ties,None
31,0,31,24,126.0,26,3.148067846773475,4.34,2,8.04,8.3,work_alone,None
31,7,31,56,129.0,34,0,3,3,7.49,7.6,rest,None
31,10,31,41,64.0,18,0,3.3,5,4.05,4.1,rest,None
31,4,31,35,172.0,39,0,3.1,6,6.67,11.0,rest,None
31,13,31,42,99.0,20,0,3.4,4,5.8,5.7,rest,None
31,8,31,25,142.0,27,0.19522091085030902,4,5,5.67,7.2,strengthen_ties,None
31,5,31,48,138.0,34,0,3.14,4,6.11,10.7,rest,None
31,11,31,30,128.0,33,5.5,4.28,4,7.09,6.9,rest,None
31,18,31,22,260.0,57,0.7782025651617483,3.2,8,7.93,18.5,work_alone,None
31,3,31,30,52.0,6,2.918673909174056,2.2,2,0.27,0.1,rest,None
31,9,31,22,100.0,13,1.5,3.2,2,6.57,3.4,attempt_collaboration,None
31,12,31,23,112.0,16,0.5,4.5,4,5.17,5.1,attempt_collaboration,None
32,1,32,28,93.0,12,1.6849423061469544,2.74,1,10.0,7.4,attempt_knowledge_share,None
32,2,32,28,100.0,29,0.8236247593672537,2.3,5,6.15,7.5,work_alone,None
32,17,32,50,84.0,21,4,2.44,5,5.93,8.1,rest,None
32,10,32,29,64.0,18,0.5,3.3,5,3.95,4.1,attempt_knowledge_share,None
32,3,32,17,52.0,6,3.418673909174056,2.2,2,0.02,0.1,attempt_collaboration,None
32,6,32,23,114.5,23,6.845995379245056,4.5,4,7.1,7.7,attempt_knowledge_share,None
32,4,32,26,179.0,39,0.2608432742463933,3.1,6,6.67,11.0,work_alone,None
32,16,32,32,80.0,16,0.5,4.5,2,9.37,5.9,rest,None
32,9,32,35,100.0,13,0,3.2,2,6.57,3.4,rest,None
32,15,32,25,117.0,26,5.774980555222812,2.28,6,5.21,6.2,attempt_knowledge_share,None
32,12,32,32,112.0,16,0,4.5,4,5.17,5.1,rest,None
32,7,32,71,129.0,34,0,3,3,7.49,7.6,rest,None
32,13,32,32,99.0,20,0.5,3.4,4,5.68,5.7,attempt_knowledge_share,None
32,11,32,19,142.0,35,5.5,4.28,4,7.59,7.5,attempt_collaboration,None
32,14,32,15,26.0,7,5.5,2.54,5,3.97,2.2,seek_help,None
32,0,32,33,126.0,26,0.14806784677347506,4.34,2,8.04,8.3,rest,None
32,18,32,17,260.0,57,2.7782025651617483,3.2,8,7.8,18.5,seek_help,None
32,5,32,21,152.0,36,0.5,3.14,4,6.48,11.3,attempt_collaboration,None
32,8,32,42,142.0,27,0,4,5,5.67,7.2,rest,None
32,19,32,44,66.0,15,1.2241680936982997,2,5,4.48,1.5,work_alone,None
33,8,33,30,149.0,27,0.23951427168167871,4,5,5.67,7.2,work_alone,None
33,16,33,23,84.0,16,0.9700341829635317,4.5,2,9.37,5.9,work_alone,None
33,10,33,37,64.0,18,0,3.3,5,3.95,4.1,rest,None
33,12,33,25,119.0,16,0.1668958766372875,4.5,4,5.17,5.1,work_alone,None
33,6,33,33,114.5,23,4.845995379245056,4.5,4,7.1,7.7,rest,None
33,9,33,27,100.0,13,0,3.2,2,7.07,3.9,attempt_knowledge_share,None
33,3,33,29,52.0,6,2.418673909174056,2.2,2,0.02,0.1,rest,LowEnergy
33,1,33,43,93.0,12,0.6849423061469544,2.74,1,10.0,7.4,rest,None
33,5,33,39,152.0,36,0,3.14,4,6.48,11.3,rest,None
33,19,33,53,66.0,15,0,2,5,4.48,1.5,rest,None
33,4,33,21,179.0,39,2.260843274246393,3.1,6,6.5,11.0,seek_help,None
33,11,33,32,142.0,40,5.0,4.42,4,7.59,7.6,rest,HighStress_Moderate
33,17,33,38,84.0,21,4.5,2.44,5,5.83,8.1,attempt_knowledge_share,None
33,15,33,39,117.0,26,2.774980555222812,2.28,6,5.28,6.2,rest,None
33,2,33,39,100.0,29,0,2.3,5,6.15,7.5,rest,None
33,7,33,66,129.0,34,0,3,3,7.9,7.6,strengthen_ties,None
33,14,33,23,26.0,7,4.5,2.54,5,3.97,2.2,rest,HighStress_Moderate
33,18,33,35,260.0,58,3.278202565161749,3.4,8,7.91,18.6,rest,LowEnergy
33,13,33,25,104.0,20,0.9186081982755209,3.4,4,5.68,5.7,work_alone,None
33,0,33,22,126.0,25,0.14806784677347506,4.34,2,8.54,10.8,attempt_knowledge_share,None
34,17,34,33,84.0,21,4.5,2.44,5,6.02,8.1,strengthen_ties,None
34,3,34,46,52.0,6,1.4186739091740561,2.2,2,0.02,0.1,rest,None
34,15,34,34,117.0,26,2.774980555222812,2.28,6,5.43,6.2,strengthen_ties,None
34,9,34,45,100.0,13,0,3.2,2,7.07,3.9,rest,None
34,13,34,40,104.0,20,0,3.4,4,5.68,5.7,rest,None
34,10,34,25,71.0,18,0.059193679855078396,3.3,5,4.0,4.1,work_alone,None
34,14,34,37,26.0,7,2.5,2.54,5,3.97,2.2,rest,None
34,4,34,37,179.0,39,0.2608432742463931,3.1,6,6.57,11.0,rest,None
34,7,34,58,137.0,34,0.06524522078223244,3,3,7.9,7.6,work_alone,None
34,6,34,24,122.5,23,4.847138526635746,4.5,4,7.1,7.7,work_alone,None
34,19,34,39,76.0,18,0,2,5,4.99,2.4,strengthen_ties,None
34,0,34,37,126.0,25,0,4.34,2,8.54,10.8,rest,None
34,12,34,38,119.0,16,0,4.5,4,5.17,5.1,rest,None
34,5,34,27,171.0,42,0,3.14,4,6.85,13.1,attempt_collaboration,None
34,8,34,25,149.0,27,0.23951427168167871,4,5,6.0,7.2,strengthen_ties,None
34,2,34,29,110.0,32,0,2.3,5,6.47,8.4,attempt_collaboration,None
34,18,34,21,260.0,58,3.778202565161749,3.4,8,7.85,18.6,attempt_collaboration,None
34,16,34,35,84.0,16,0,4.5,2,9.37,5.9,rest,None
34,1,34,52,93.0,12,0,2.74,1,10.0,7.4,rest,None
34,11,34,34,161.0,46,5.0,4.62,4,8.09,9.5,rest,LowEnergy
35,4,35,23,179.0,39,0.7608432742463931,3.1,6,6.49,11.0,attempt_collaboration,None
35,7,35,51,143.0,34,0.3319484919160644,3,3,7.9,7.6,work_alone,None
35,1,35,47,93.0,12,0,2.74,1,10.0,7.4,strengthen_ties,None
35,15,35,26,117.0,28,2.274980555222812,2.28,6,5.79,7.2,attempt_knowledge_share,None
35,3,35,64,52.0,6,0,2.2,2,0.02,0.1,rest,None
35,2,35,26,131.0,37,0,2.3,5,6.6,9.9,rest,None
35,10,35,35,71.0,18,0,3.3,5,4.0,4.1,rest,None
35,18,35,30,260.0,58,1.7782025651617488,3.4,8,7.91,18.6,rest,None
35,17,35,28,84.0,23,4.0,2.44,5,6.22,8.1,strengthen_ties,None
35,13,35,43,126.0,25,0,3.4,4,6.18,7.2,rest,None
35,14,35,28,29.0,7,2.6496916346450727,2.54,5,3.97,2.2,work_alone,None
35,8,35,33,149.0,27,0,4,5,6.0,7.2,rest,None
35,12,35,18,135.0,18,0,4.5,4,5.67,6.7,attempt_knowledge_share,None
35,0,35,26,148.0,30,0,4.34,2,9.54,12.3,attempt_collaboration,None
35,16,35,22,105.0,21,0,4.5,2,9.37,7.4,attempt_collaboration,None
35,19,35,49,76.0,18,0,2,5,4.99,2.4,rest,None
35,9,35,62,100.0,13,0,3.2,2,7.07,3.9,rest,None
35,6,35,37,122.5,23,3.847138526635746,4.5,4,7.1,7.7,rest,None
35,5,35,39,171.0,42,0,3.14,4,6.85,13.1,rest,None
35,11,35,24,177.0,48,5.0,4.62,4,8.59,10.1,attempt_collaboration,None
36,2,36,38,131.0,37,0,2.3,5,6.6,9.9,rest,None
36,15,36,36,117.0,28,0,2.28,6,5.79,7.2,rest,None
36,16,36,17,105.0,21,1,4.5,2,9.37,7.4,seek_help,None
36,12,36,36,135.0,18,0,4.7,4,5.67,6.8,rest,LowEnergy
36,18,36,18,264.0,58,2.1538649327363597,3.4,8,7.94,18.6,work_alone,None
36,6,36,25,125.5,23,4.090640209918409,4.5,4,7.17,7.7,work_alone,None
36,0,36,40,148.0,30,0,4.34,2,9.54,12.3,rest,None
36,3,36,56,57.0,6,0.4042167445243774,2.2,2,0.02,0.1,work_alone,None
36,4,36,18,179.0,39,2.760843274246393,3.1,6,6.32,11.0,seek_help,None
36,8,36,47,149.0,27,0,4,5,6.0,7.2,rest,None
36,13,36,38,126.0,25,0,3.4,4,6.4,7.2,strengthen_ties,None
36,17,36,41,84.0,23,2.0,2.44,5,6.22,8.1,rest,None
36,14,36,41,29.0,7,0.6496916346450727,2.54,5,3.97,2.2,rest,None
36,11,36,42,177.0,48,3.0,4.62,4,8.59,10.1,rest,None
36,7,36,46,143.0,34,0.3319484919160644,3,3,8.13,7.6,strengthen_ties,None
36,10,36,27,76.0,18,0.2810697699018175,3.3,5,4.0,4.1,work_alone,None
36,1,36,65,93.0,12,0,2.74,1,10.0,7.4,rest,None
36,5,36,34,171.0,42,0,3.14,4,7.13,13.1,strengthen_ties,None
36,19,36,42,81.0,18,0.2733143066688831,2,5,4.99,2.4,work_alone,None
36,9,36,55,108.0,13,0.14233561033034603,3.2,2,7.07,3.9,work_alone,None
37,15,37,25,117.0,28,0,2.28,6,5.96,8.2,attempt_knowledge_share,None
37,7,37,41,143.0,34,0.3319484919160644,3,3,8.26,7.6,strengthen_ties,None
37,19,37,30,87.0,20,0.18669005006774952,2,5,5.29,2.4,work_alone,None
37,10,37,38,76.0,18,0,3.3,5,4.0,4.1,rest,None
37,18,37,29,264.0,58,2.1538649327363597,3.4,8,7.98,18.6,rest,LowEnergy
37,11,37,21,214.0,53,3.0,4.62,4,9.09,11.6,attempt_collaboration,None
37,17,37,32,92.0,25,1.6448301953612599,2.44,5,6.42,8.1,work_alone,None
37,3,37,51,57.0,6,0.4042167445243774,2.2,2,0.4,0.1,strengthen_ties,None
37,2,37,33,131.0,37,0,2.3,5,6.6,9.9,strengthen_ties,None
37,5,37,22,171.0,42,0.5,3.14,4,7.0,13.1,attempt_knowledge_share,None
37,0,37,23,161.0,32,0,4.34,2,9.54,12.9,attempt_collaboration,None
37,1,37,58,99.0,12,0.16570372233831138,2.74,1,10.0,7.4,work_alone,None
37,4,37,13,179.0,39,6.760843274246393,3.1,6,6.16,11.0,seek_help,LowEnergy
37,16,37,30,105.0,21,2,4.5,2,9.37,7.4,rest,LowEnergy
37,9,37,60,123.0,15,0,3.2,2,8.07,4.5,rest,None
37,12,37,35,159.0,21,0,4.7,4,6.17,7.7,rest,None
37,14,37,29,29.0,7,1.1496916346450727,2.54,5,3.97,2.2,attempt_collaboration,None
37,6,37,20,125.5,23,6.090640209918409,4.5,4,6.92,7.7,seek_help,None
37,8,37,35,164.0,29,0,4,5,6.4,7.8,attempt_collaboration,None
37,13,37,27,126.0,25,0,3.4,4,6.65,8.2,attempt_knowledge_share,None
38,8,38,40,185.0,34,0,4,5,6.8,9.3,rest,None
38,12,38,26,163.0,21,0.487258835018069,4.7,4,6.17,7.7,work_alone,None
38,17,38,15,92.0,25,2.14483019536126,2.44,5,6.32,8.1,attempt_collaboration,None
38,2,38,24,131.0,37,0.5,2.3,5,6.5,9.9,attempt_knowledge_share,None
38,1,38,48,99.0,12,0.16570372233831138,2.74,1,10.0,7.9,attempt_knowledge_share,None
38,6,38,15,125.5,23,7.090640209918409,4.5,4,7.17,7.7,seek_help,None
38,18,38,24,264.0,58,4.15386493273636,3.4,8,7.92,18.6,seek_help,None
38,7,38,26,143.0,34,0.8319484919160645,3,3,8.09,7.6,attempt_collaboration,None
38,10,38,31,81.0,18,0.08087372958795341,3.3,5,4.0,4.1,work_alone,None
38,9,38,46,144.0,20,0,3.2,2,9.07,6.0,attempt_collaboration,None
38,13,38,22,126.0,25,2,3.4,4,6.4,8.2,seek_help,None
38,0,38,39,161.0,32,0,4.34,2,9.54,12.9,rest,None
38,14,38,24,29.0,7,3.1496916346450727,2.54,5,3.77,2.2,seek_help,None
38,15,38,36,117.0,29,0,2.28,6,6.12,8.2,rest,None
38,11,38,35,214.0,53,1.0,4.62,4,9.15,11.6,rest,None
38,4,38,8,179.0,39,10,3.1,6,5.99,11.0,seek_help,HighStress_Moderate
38,3,38,61,57.0,6,0,2.2,2,0.4,0.1,rest,None
38,5,38,37,171.0,42,0,3.14,4,7.0,13.1,rest,None
38,19,38,41,87.0,20,0,2,5,5.29,2.4,rest,None
38,16,38,25,105.0,21,2,4.5,2,9.89,7.4,strengthen_ties,None
39,14,39,40,29.0,7,1.1496916346450727,2.54,5,3.77,2.2,rest,None
39,1,39,63,99.0,12,0,2.74,1,10.0,7.9,rest,None
39,19,39,33,94.0,20,0.3091590540576304,2,5,5.29,2.4,work_alone,None
39,12,39,24,183.0,23,0,4.7,4,6.67,8.3,rest,None
39,5,39,29,171.0,42,0.5,3.14,4,6.88,13.1,attempt_knowledge_share,None
39,7,39,21,143.0,34,2.8319484919160645,3,3,7.76,7.6,seek_help,None
39,10,39,22,81.0,18,0.08087372958795341,3.3,5,4.2,5.1,attempt_knowledge_share,None
39,18,39,19,264.0,58,6.15386493273636,3.4,8,7.79,18.6,seek_help,None
39,4,39,1,179.0,39,10,3.1,6,5.82,11.0,seek_help,HighStress
39,15,39,27,122.0,29,0.24878837065240045,2.28,6,6.12,8.2,work_alone,None
39,3,39,44,57.0,6,0.5,2.2,2,0.15,0.1,attempt_collaboration,None
39,16,39,36,105.0,21,1,4.5,2,9.89,7.4,rest,None
39,6,39,18,125.5,23,7.0906402099184085,4.5,4,7.17,7.7,rest,HighStress
39,11,39,22,234.0,55,1.0,4.62,4,9.65,12.2,attempt_collaboration,None
39,9,39,44,168.0,24,0,3.2,2,9.5,7.2,rest,None
39,2,39,37,131.0,37,0,2.3,5,6.5,9.9,rest,None
39,17,39,32,92.0,25,1.1448301953612603,2.64,5,6.32,8.2,rest,LowEnergy
39,8,39,23,209.0,40,0,4,5,7.39,10.5,attempt_collaboration,None
39,0,39,31,161.0,31,0,4.34,2,10.0,15.9,attempt_knowledge_share,None
39,13,39,32,126.0,31,0.5,3.4,4,6.65,8.2,rest,None
40,9,40,36,171.0,24,0.359685799639675,3.2,3,7.0,7.2,work_alone,None
40,8,40,37,209.0,40,0,4,5,7.39,10.5,rest,None
40,6,40,26,125.5,23,6.0906402099184085,4.5,4,7.17,7.7,rest,HighStress
40,0,40,45,161.0,31,0,4.34,2,10.0,15.9,rest,None
40,18,40,14,264.0,58,10,3.4,8,7.73,18.6,seek_help,HighStress_Moderate
40,19,40,26,99.0,20,0.5935243471420601,2,5,5.29,2.4,work_alone,None
40,7,40,16,143.0,34,3.8319484919160645,3,3,7.92,7.6,seek_help,None
40,10,40,38,81.0,18,0,3.3,5,4.2,5.1,rest,None
40,5,40,46,171.0,42,0,3.14,5,5.9,13.1,rest,None
40,1,40,52,107.0,12,0.2700275507114163,2.74,1,10.0,7.9,work_alone,None
40,11,40,33,234.0,55,0,4.62,4,9.7,12.2,rest,None
40,2,40,22,131.0,37,0.5,2.3,5,6.4,9.9,attempt_collaboration,None
40,12,40,19,183.0,23,2,4.7,4,6.42,8.3,seek_help,None
40,17,40,21,92.0,25,1.6448301953612603,2.64,6,5.68,8.2,attempt_collaboration,None
40,13,40,24,129.0,31,0.9502950485381532,3.4,5,5.52,8.2,work_alone,None
40,4,40,1,179.0,39,10,3.1,6,6.07,11.0,seek_help,HighStress
40,14,40,31,33.0,7,1.595033217976797,2.54,5,3.77,2.2,work_alone,None
40,3,40,28,57.0,6,1.0,2.2,3,1.0,0.1,attempt_collaboration,None
40,15,40,39,122.0,29,0,2.28,6,6.12,8.2,rest,None
40,16,40,31,105.0,21,1,4.5,3,7.0,7.4,strengthen_ties,None
41,9,41,27,176.0,24,0.36130100333189397,3.2,3,7.0,7.2,work_alone,None
41,6,41,21,125.5,23,8.090640209918408,4.5,4,6.92,7.7,seek_help,None
41,17,41,35,92.0,25,0,2.64,6,5.76,8.2,rest,None
41,14,41,26,33.0,7,1.595033217976797,2.54,5,3.92,2.2,strengthen_ties,None
41,3,41,37,57.0,6,0,2.2,3,1.0,0.1,rest,None
41,18,41,22,264.0,58,10,3.4,8,7.73,18.6,rest,HighStress
41,16,41,40,105.0,21,0,4.5,3,7.0,7.4,rest,None
41,5,41,34,177.0,42,0.4492706973210434,3.14,5,5.9,13.1,work_alone,None
41,12,41,14,183.0,23,6,4.7,4,6.17,8.3,seek_help,LowEnergy
41,0,41,34,165.0,31,0.2190370999411298,4.34,2,10.0,15.9,work_alone,None
41,11,41,23,240.0,55,0.33249589452798095,4.62,4,9.7,12.2,work_alone,None
41,10,41,55,81.0,18,0,3.3,5,4.2,5.1,rest,None
41,2,41,30,131.0,37,0,2.3,5,6.4,9.9,rest,None
41,7,41,28,143.0,34,2.831948491916064,3,3,7.92,7.6,rest,LowEnergy
41,15,41,34,122.0,30,-0.5,2.28,6,6.36,8.2,strengthen_ties,None
41,1,41,42,107.0,12,0.2700275507114163,2.74,1,10.0,8.4,attempt_knowledge_share,None
41,19,41,21,99.0,20,2.5935243471420604,2,5,5.09,2.4,seek_help,None
41,8,41,30,212.0,40,0.00881691813043195,4,5,7.42,10.5,work_alone,None
41,4,41,8,179.0,39,9,3.1,6,6.07,11.0,rest,HighStress
41,13,41,40,129.0,31,0,3.4,5,5.52,8.2,rest,None
42,6,42,16,125.5,23,10,4.5,4,6.67,7.7,seek_help,HighStress_Moderate
42,17,42,28,100.0,25,0.2607201933176216,2.64,6,5.76,8.2,work_alone,None
42,8,42,48,212.0,40,0,4,5,7.42,10.5,rest,None
42,5,42,24,177.0,42,0.9492706973210434,3.14,5,5.8,13.1,attempt_collaboration,None
42,9,42,38,176.0,24,0,3.2,3,7.0,7.2,rest,None
42,16,42,32,105.0,21,0.5,4.5,3,6.83,7.4,attempt_knowledge_share,None
42,7,42,37,143.0,34,1.831948491916064,3,3,7.92,7.6,rest,None
42,19,42,24,118.0,23,1.5935243471420604,2,5,5.49,3.3,rest,None
42,0,42,22,172.0,31,0.453803426782673,4.34,2,10.0,15.9,work_alone,None
42,1,42,32,107.0,12,0.7700275507114163,2.74,1,9.5,8.4,attempt_knowledge_share,None
42,2,42,18,138.0,37,0.13718819214383715,2.3,5,6.4,9.9,work_alone,None
42,18,42,25,264.0,58,7,3.4,8,7.73,18.6,rest,HighStress
42,10,42,73,81.0,18,0,3.3,5,4.2,5.1,rest,None
42,4,42,15,179.0,39,9,3.1,6,6.07,11.0,rest,HighStress
42,15,42,18,141.0,33,0,2.28,6,6.7,9.1,attempt_collaboration,None
42,3,42,23,57.0,6,0.5,2.2,3,1.0,0.1,attempt_collaboration,None
42,14,42,21,33.0,7,3.595033217976797,2.54,5,3.72,2.2,seek_help,None
42,11,42,18,240.0,55,2.3324958945279812,4.62,4,9.45,12.2,seek_help,None
42,13,42,35,129.0,31,0,3.4,5,5.67,8.2,strengthen_ties,None
42,12,42,22,183.0,23,6,4.7,4,6.17,8.3,rest,HighStress_Moderate
43,12,43,33,183.0,23,5,4.7,4,6.17,8.3,rest,None
43,19,43,19,118.0,23,3.5935243471420604,2,5,5.29,3.3,seek_help,None
43,15,43,27,157.0,39,0,2.48,6,6.75,11.0,rest,LowEnergy
43,8,43,43,212.0,40,0,4,5,7.54,10.5,strengthen_ties,None
43,13,43,24,129.0,31,0,3.4,5,5.87,9.2,attempt_knowledge_share,None
43,3,43,34,57.0,6,0,2.2,3,1.0,0.1,rest,None
43,16,43,27,105.0,21,0.5,4.5,3,6.83,7.4,strengthen_ties,None
43,18,43,20,264.0,58,9,3.4,8,7.67,18.6,seek_help,None
43,11,43,13,240.0,55,6.332495894527981,4.62,4,9.2,12.2,seek_help,LowEnergy
43,5,43,19,177.0,42,2.9492706973210434,3.14,5,5.6,13.1,seek_help,None
43,1,43,19,123.0,18,0.7700275507114163,2.74,1,10.0,10.2,attempt_collaboration,None
43,14,43,29,33.0,7,0.595033217976797,2.54,5,3.72,2.2,rest,None
43,7,43,29,147.0,34,2.210414989942643,3,3,7.92,7.6,work_alone,None
43,9,43,21,176.0,24,0.5,3.2,3,6.83,7.2,attempt_collaboration,None
43,10,43,62,84.0,18,0.17504305310937202,3.3,5,4.2,5.1,work_alone,None
43,4,43,5,179.0,39,10,3.1,6,6.24,11.0,seek_help,HighStress
43,2,43,33,138.0,37,0.13718819214383693,2.5,5,6.4,10.0,rest,LowEnergy
43,6,43,22,125.5,25,8.5,4.5,4,6.92,7.7,rest,HighStress
43,0,43,30,172.0,31,0,4.34,2,10.0,15.9,rest,None
43,17,43,41,100.0,25,0,2.64,6,5.76,8.2,rest,None
44,6,44,35,125.5,25,6.5,4.64,4,6.92,7.8,rest,HighStress_Moderate
44,18,44,33,264.0,58,6,3.54,8,7.73,18.7,rest,HighStress_Moderate
44,1,44,31,123.0,18,0,2.94,1,10.0,10.3,rest,LowEnergy
44,17,44,36,100.0,25,0,2.64,6,5.92,8.2,strengthen_ties,None
44,12,44,16,183.0,23,5.5,4.7,4,6.05,8.3,attempt_collaboration,None
44,4,44,1,179.0,39,10,3.1,6,6.24,11.0,seek_help,HighStress
44,19,44,31,118.0,23,2.5935243471420604,2.2,5,5.29,3.4,rest,LowEnergy
44,10,44,57,84.0,24,-0.324956946890628,3.3,5,4.54,5.1,strengthen_ties,None
44,16,44,42,105.0,24,-0.5,4.5,3,6.83,7.4,rest,None
44,9,44,36,176.0,24,0,3.2,3,6.83,7.2,rest,None
44,5,44,29,177.0,42,1.9492706973210439,3.14,5,5.6,13.1,rest,LowEnergy
44,11,44,28,240.0,55,7.33249589452798,4.62,4,9.2,12.2,rest,HighStress_Moderate
44,0,44,20,176.0,31,0.44094104207228463,4.34,2,10.0,15.9,work_alone,None
44,2,44,26,138.0,37,0.13718819214383693,2.5,5,6.4,11.5,attempt_knowledge_share,None
44,8,44,31,212.0,39,0,4,5,7.56,13.5,attempt_knowledge_share,None
44,7,44,41,147.0,34,1.210414989942643,3,3,7.92,7.6,rest,None
44,13,44,19,129.0,31,2,3.4,5,5.67,9.2,seek_help,None
44,15,44,42,157.0,39,0,2.48,6,6.75,11.0,rest,None
44,14,44,45,33.0,7,0,2.54,5,3.75,2.2,rest,None
44,3,44,18,57.0,6,0.5,2.2,3,1.0,0.1,attempt_collaboration,None
45,18,45,42,264.0,58,5,3.54,8,7.73,18.7,rest,None
45,1,45,21,131.0,18,0.0642882040839931,2.94,1,10.0,10.3,work_alone,None
45,2,45,42,138.0,37,0,2.5,5,6.4,11.5,rest,None
45,17,45,26,107.0,25,0.00443786904240856,2.64,6,5.92,8.2,work_alone,None
45,13,45,31,129.0,32,2.5,3.6,5,5.87,9.3,rest,LowEnergy
45,10,45,45,92.0,31,-0.44187975155102927,3.3,5,4.74,5.1,work_alone,None
45,5,45,26,200.0,48,0,3.14,5,6.0,14.9,rest,None
45,19,45,23,118.0,23,2.5935243471420604,2.2,5,5.49,3.9,attempt_knowledge_share,None
45,14,45,33,33.0,7,0.5,2.54,5,3.65,2.2,attempt_collaboration,None
45,9,45,24,199.0,30,0,3.2,3,7.5,9.0,attempt_collaboration,None
45,6,45,22,125.5,25,7.0,4.64,4,6.8,7.8,attempt_collaboration,None
45,12,45,26,183.0,23,6.5,4.7,4,6.05,8.3,rest,HighStress_Moderate
45,3,45,31,57.0,6,0,2.4,3,1.0,0.2,rest,LowEnergy
45,11,45,23,240.0,55,9.33249589452798,4.62,4,8.95,12.2,seek_help,HighStress_Moderate
45,4,45,13,179.0,39,10,3.1,6,6.24,11.0,rest,HighStress
45,0,45,35,176.0,31,0,4.34,2,10.0,15.9,rest,None
45,15,45,25,176.0,45,0,2.48,6,7.2,12.8,strengthen_ties,None
45,7,45,29,166.0,40,1.210414989942643,3,3,8.66,9.4,attempt_collaboration,None
45,8,45,21,212.0,37,0,4,5,7.56,17.0,attempt_knowledge_share,None
45,16,45,25,105.0,24,0,4.5,3,6.67,7.4,attempt_collaboration,None
46,18,46,32,270.0,58,5.125369952008812,3.54,8,7.73,18.7,work_alone,None
46,13,46,47,129.0,32,1.5,3.6,5,5.87,9.3,rest,None
46,19,46,39,118.0,23,0.5935243471420604,2.2,5,5.49,3.9,rest,None
46,0,46,27,176.0,31,0.5,4.34,2,9.75,15.9,attempt_knowledge_share,None
46,12,46,21,183.0,23,8.5,4.7,4,5.8,8.3,seek_help,None
46,15,46,20,176.0,45,2,2.48,6,7.04,12.8,seek_help,None
46,4,46,18,179.0,39,10,3.1,6,6.24,11.0,rest,HighStress
46,6,46,39,125.5,25,6.0,4.64,4,6.8,7.8,rest,None
46,8,46,16,212.0,37,2,4,5,7.44,17.0,seek_help,None
46,9,46,37,199.0,30,0,3.2,3,7.5,9.0,rest,None
46,10,46,40,92.0,31,0,3.3,5,4.88,5.1,strengthen_ties,None
46,3,46,23,63.0,6,0.21549023482028962,2.4,3,1.0,0.2,work_alone,None
46,5,46,41,200.0,48,0,3.14,5,6.1,14.9,rest,None
46,1,46,30,131.0,18,0,2.94,1,10.0,10.3,rest,None
46,17,46,40,107.0,25,0,2.64,6,5.92,8.2,rest,None
46,14,46,17,33.0,7,1.0,2.54,5,3.55,2.2,attempt_collaboration,None
46,2,46,60,138.0,37,0,2.5,5,6.4,11.5,rest,None
46,7,46,24,166.0,40,2.210414989942643,3,3,8.66,9.4,seek_help,None
46,16,46,41,105.0,24,0,4.5,3,6.67,7.4,rest,None
46,11,46,31,240.0,55,7.33249589452798,4.7,4,8.95,12.3,rest,HighStress
47,9,47,32,199.0,30,0,3.2,3,7.78,9.0,strengthen_ties,None
47,16,47,30,105.0,24,0.5,4.5,3,6.5,7.4,attempt_knowledge_share,None
47,17,47,30,107.0,25,0.5,2.64,6,5.83,8.2,attempt_collaboration,None
47,2,47,71,138.0,37,0,2.5,5,6.4,11.5,rest,None
47,19,47,19,118.0,23,1.0935243471420604,2.2,5,5.49,3.9,attempt_collaboration,None
47,14,47,21,33.0,7,4.0,2.64,5,3.85,3.2,seek_help,LowEnergy
47,18,47,22,275.0,58,5.281038381111662,3.54,8,7.73,18.7,work_alone,None
47,15,47,34,176.0,46,-0.5,2.48,6,7.2,12.8,rest,None
47,1,47,18,131.0,18,0,2.94,1,10.0,10.8,attempt_knowledge_share,None
47,4,47,22,179.0,39,10,3.1,6,6.24,11.0,rest,HighStress
47,7,47,38,166.0,40,0.21041498994264307,3,3,8.66,9.4,rest,None
47,3,47,32,63.0,6,0,2.4,3,1.0,0.2,rest,None
47,11,47,42,240.0,55,4.33249589452798,4.84,4,8.95,12.4,rest,HighStress_Moderate
47,6,47,31,131.5,25,6.42161474976539,4.64,4,6.8,7.8,work_alone,None
47,0,47,43,176.0,31,0,4.34,2,9.75,15.9,rest,None
47,10,47,27,92.0,31,0.5,3.3,5,4.78,5.1,attempt_collaboration,None
47,5,47,33,203.0,48,0.46793527140272284,3.14,5,6.18,14.9,work_alone,None
47,13,47,56,129.0,32,0,3.6,5,5.87,9.3,rest,None
47,8,47,28,212.0,37,3,4,5,7.44,17.0,rest,LowEnergy
47,12,47,36,183.0,23,7.5,4.84,4,5.8,8.4,rest,HighStress_Moderate
48,11,48,31,240.0,52,4.33249589452798,4.84,4,9.29,17.9,attempt_knowledge_share,None
48,14,48,16,33.0,7,6.0,2.64,5,3.65,3.2,seek_help,None
48,6,48,23,134.5,25,6.783220243984053,4.64,4,6.8,7.8,work_alone,None
48,9,48,20,204.0,30,0.4782193228520307,3.2,3,7.78,9.0,work_alone,None
48,4,48,35,179.0,39,7,3.18,6,6.24,11.1,rest,HighStress
48,8,48,23,212.0,37,5,4,5,7.24,17.0,seek_help,None
48,17,48,21,112.0,25,0.8913312590110016,2.64,6,5.83,8.2,work_alone,None
48,3,48,20,66.0,6,0.43673107907439146,2.4,3,1.0,0.2,work_alone,None
48,1,48,30,131.0,18,0,2.94,1,10.0,10.8,rest,LowEnergy
48,5,48,26,203.0,52,-0.03206472859727716,3.14,5,6.58,18.4,attempt_knowledge_share,None
48,7,48,31,166.0,40,0.7104149899426431,3,3,8.49,9.4,attempt_knowledge_share,None
48,2,48,47,155.0,43,0.33099392650102305,2.5,5,6.4,13.3,work_alone,None
48,16,48,19,119.0,30,0.5,4.5,3,6.5,9.2,attempt_collaboration,None
48,12,48,31,183.0,23,7.5,4.84,4,5.93,8.4,strengthen_ties,HighStress_Moderate
48,15,48,29,176.0,46,0,2.48,6,7.39,12.8,strengthen_ties,None
48,0,48,38,176.0,42,0,4.34,2,10.0,15.9,strengthen_ties,None
48,19,48,31,118.0,23,0.09352434714206037,2.4,5,5.59,4.0,rest,LowEnergy
48,10,48,22,92.0,31,2.5,3.3,5,4.58,5.1,seek_help,None
48,13,48,48,129.0,38,0,3.6,5,6.35,12.3,attempt_knowledge_share,None
48,18,48,17,275.0,58,7.281038381111662,3.54,8,7.61,18.7,seek_help,None
49,17,49,16,112.0,25,2.8913312590110016,2.64,6,5.67,8.2,seek_help,None
49,2,49,35,161.0,43,0.7407793147697906,2.5,5,6.4,13.3,work_alone,None
49,8,49,33,212.0,37,2,4,5,7.24,17.0,rest,None
49,19,49,23,125.0,23,0.2637576216839861,2.4,5,5.69,4.0,work_alone,None
49,10,49,17,92.0,31,4.5,3.3,5,4.38,5.1,seek_help,None
49,0,49,24,200.0,47,0,4.34,2,10.0,17.4,attempt_collaboration,None
49,13,49,37,135.0,38,0.17725624094318831,3.6,5,6.35,12.3,work_alone,None
49,15,49,24,176.0,46,2,2.48,6,7.34,12.8,seek_help,None
49,9,49,29,204.0,30,0,3.2,3,7.78,9.0,rest,None
49,1,49,19,137.0,18,0.21594384688439433,2.94,1,10.0,10.8,work_alone,None
49,6,49,31,134.5,25,4.783220243984053,4.64,4,6.8,7.8,rest,None
49,5,49,21,203.0,52,1.9679352714027227,3.14,5,6.38,18.4,seek_help,None
49,18,49,23,275.0,58,8.281038381111662,3.54,8,7.61,18.7,rest,HighStress
49,4,49,27,185.0,39,7.403106747381732,3.18,6,6.24,11.1,work_alone,None
49,14,49,11,33.0,7,9.0,2.64,5,3.95,3.2,seek_help,HighStress_Moderate
49,7,49,26,166.0,40,0.7104149899426431,3,3,8.89,9.4,strengthen_ties,None
49,16,49,30,119.0,30,0.5,4.5,3,6.5,9.2,rest,LowEnergy
49,11,49,32,264.0,57,2.3324958945279803,4.84,4,9.29,19.4,rest,None
49,3,49,33,66.0,6,0,2.4,3,1.0,0.2,rest,None
49,12,49,26,183.0,23,7.5,4.84,4,6.11,8.4,strengthen_ties,HighStress_Moderate
50,6,50,20,140.5,25,4.882832078064109,4.64,4,6.8,7.8,work_alone,None
50,9,50,40,204.0,30,0,3.2,3,7.78,9.0,rest,None
50,13,50,32,135.0,38,0.17725624094318831,3.6,5,6.48,12.3,strengthen_ties,None
50,14,50,1,33.0,7,10,2.64,5,4.1,3.2,seek_help,HighStress
50,2,50,19,161.0,43,1.2407793147697905,2.5,5,6.3,13.3,attempt_collaboration,None
50,3,50,28,66.0,6,0,2.4,2,1.8,0.2,strengthen_ties,None
50,10,50,27,92.0,31,3.5,3.3,5,4.38,5.1,rest,LowEnergy
50,19,50,34,125.0,23,0,2.4,5,5.79,4.0,rest,None
50,5,50,37,203.0,52,0,3.14,5,6.38,18.4,rest,None
50,4,50,29,196.0,42,4.403106747381732,3.32,6,6.57,12.1,rest,HighStress_Moderate
50,18,50,18,275.0,58,10,3.54,8,7.48,18.7,seek_help,HighStress_Moderate
50,0,50,19,200.0,47,1,4.34,2,10.0,17.4,seek_help,None
50,1,50,29,137.0,18,0.21594384688439439,2.94,2,6.5,10.8,rest,LowEnergy
50,7,50,37,166.0,40,0,3,3,8.89,9.4,rest,None
50,17,50,30,112.0,25,1.891331259011002,2.64,6,5.69,8.2,rest,LowEnergy
50,16,50,21,124.0,30,0.8107285195416223,4.5,3,6.5,9.2,work_alone,None
50,8,50,18,223.0,40,2,4,5,7.39,17.9,attempt_collaboration,None
50,12,50,44,183.0,23,5.5,4.98,4,6.11,8.5,rest,HighStress_Moderate
50,15,50,39,176.0,46,0,2.48,6,7.34,12.8,rest,None
50,11,50,45,264.0,57,0,4.84,5,8.03,19.4,rest,None
51,12,51,32,183.0,23,5.5,4.98,4,6.48,9.0,attempt_knowledge_share,None
51,10,51,42,92.0,31,2.5,3.3,5,4.38,5.1,rest,None
51,1,51,45,137.0,18,0,2.94,2,6.5,10.8,rest,None
51,17,51,20,112.0,25,2.391331259011002,2.64,6,5.61,8.2,attempt_collaboration,None
51,19,51,17,125.0,23,0.5,2.4,5,5.79,4.0,attempt_collaboration,None
51,0,51,34,200.0,47,0,4.54,2,10.0,17.5,rest,LowEnergy
51,9,51,29,204.0,30,0,3.2,3,8.11,9.5,attempt_knowledge_share,None
51,13,51,22,160.0,44,0.17725624094318831,3.6,5,6.88,14.1,attempt_collaboration,None
51,7,51,25,174.0,40,0.1110040709740594,3,3,8.89,9.4,work_alone,None
51,5,51,23,228.0,59,1.5,3.14,5,6.68,20.2,seek_help,None
51,3,51,42,66.0,6,0,2.4,2,1.8,0.2,rest,None
51,18,51,8,275.0,58,10,3.54,8,7.36,18.7,seek_help,HighStress
51,16,51,38,124.0,30,0,4.5,3,6.5,9.2,rest,None
51,8,51,13,223.0,40,6,4,5,7.19,17.9,seek_help,LowEnergy
51,6,51,30,140.5,25,1.8828320780641086,4.64,4,6.8,7.8,rest,None
51,11,51,40,264.0,57,0,4.84,5,8.16,19.4,strengthen_ties,None
51,2,51,14,161.0,43,5.2407793147697905,2.5,5,6.1,13.3,seek_help,LowEnergy
51,4,51,37,196.0,43,0.9031067473817318,3.32,6,6.74,12.1,rest,None
51,14,51,1,33.0,7,10,2.64,5,4.1,3.2,seek_help,HighStress
51,15,51,28,182.0,46,0.29197065886216517,2.48,6,7.34,12.8,work_alone,None
52,8,52,8,223.0,40,10,4,5,6.99,17.9,seek_help,HighStress_Moderate
52,19,52,17,125.0,23,3.5,2.5,5,6.09,5.0,seek_help,LowEnergy
52,4,52,25,202.0,45,0.564684003094482,3.32,6,6.91,12.1,work_alone,None
52,0,52,26,200.0,47,0.5,4.54,2,9.75,17.5,attempt_knowledge_share,None
52,6,52,18,140.5,25,1.8828320780641086,4.64,4,7.05,8.8,attempt_knowledge_share,None
52,15,52,36,182.0,46,0,2.48,6,7.42,12.8,rest,None
52,9,52,39,204.0,30,0,3.2,3,8.11,9.5,rest,None
52,10,52,31,92.0,31,3.0,3.3,5,4.36,5.1,attempt_collaboration,None
52,18,52,12,275.0,58,9,3.54,8,7.36,18.7,rest,HighStress
52,7,52,33,174.0,40,0,3,3,8.89,9.4,rest,None
52,16,52,40,146.0,35,0,4.5,3,7.0,10.7,rest,None
52,11,52,23,286.0,62,0,4.84,5,8.4,20.9,attempt_collaboration,None
52,1,52,36,142.0,18,0.2743795504078353,2.94,2,6.5,10.8,work_alone,None
52,2,52,24,161.0,43,4.2407793147697905,2.5,5,6.1,13.3,rest,HighStress_Moderate
52,5,52,18,228.0,59,3.5,3.14,5,6.48,20.2,seek_help,None
52,12,52,40,183.0,23,4.5,4.98,4,6.48,9.0,rest,None
52,17,52,29,112.0,25,0,2.64,6,5.61,8.2,rest,None
52,13,52,40,160.0,44,0,3.6,5,6.88,14.1,rest,None
52,14,52,12,33.0,7,9,2.64,5,4.1,3.2,rest,HighStress
52,3,52,26,66.0,6,0.5,2.4,2,1.55,0.2,attempt_collaboration,None
53,4,53,20,202.0,45,2.5646840030944817,3.32,6,6.74,12.1,seek_help,None
53,1,53,47,142.0,18,0,2.94,2,6.5,10.8,rest,None
53,3,53,40,66.0,6,0,2.4,2,1.55,0.2,rest,None
53,0,53,32,211.0,49,0,4.54,2,9.75,18.1,rest,None
53,13,53,25,171.0,46,0,3.6,5,7.21,14.7,attempt_collaboration,None
53,10,53,24,96.0,31,3.137230676561712,3.3,5,4.36,5.1,work_alone,None
53,18,53,2,275.0,58,10,3.54,8,7.23,18.7,seek_help,HighStress
53,19,53,29,125.0,23,4.5,2.5,5,6.19,5.0,rest,LowEnergy
53,12,53,30,191.0,23,4.543033528265645,4.98,4,6.48,9.0,work_alone,None
53,16,53,30,146.0,34,0,4.5,3,7.0,13.7,attempt_knowledge_share,None
53,9,53,28,204.0,30,0,3.2,3,8.44,10.0,attempt_knowledge_share,None
53,5,53,29,228.0,60,4.0,3.14,5,6.68,20.2,rest,LowEnergy
53,7,53,23,194.0,46,0,3,3,9.5,11.2,attempt_collaboration,None
53,6,53,13,140.5,25,5.882832078064109,4.64,4,6.8,8.8,seek_help,LowEnergy
53,15,53,46,202.0,52,0,2.48,6,7.75,14.6,rest,None
53,8,53,18,223.0,40,10,4,5,6.99,17.9,rest,HighStress
53,17,53,24,112.0,25,2,2.64,6,5.44,8.2,seek_help,None
53,14,53,2,33.0,7,10,2.64,5,4.1,3.2,seek_help,HighStress
53,11,53,33,286.0,68,0,4.84,5,8.4,20.9,rest,None
53,2,53,19,161.0,43,6.2407793147697905,2.5,5,5.9,13.3,seek_help,None
54,11,54,28,286.0,68,0,4.84,5,8.4,20.9,strengthen_ties,None
54,3,54,30,66.0,6,0.5,2.4,2,1.3,0.2,attempt_collaboration,None
54,5,54,43,228.0,60,1.0,3.14,5,6.68,20.2,rest,None
54,12,54,25,191.0,23,4.543033528265645,4.98,4,6.83,9.0,strengthen_ties,None
54,0,54,23,217.0,49,0.3621379012680606,4.54,2,9.75,18.1,work_alone,None
54,13,54,34,171.0,46,0,3.6,5,7.21,14.7,rest,None
54,1,54,33,142.0,18,0.5,2.94,2,6.25,10.8,attempt_collaboration,None
54,9,54,23,204.0,30,2,3.2,3,8.11,10.0,seek_help,None
54,17,54,41,112.0,25,0,2.64,6,5.44,8.2,rest,None
54,2,54,14,161.0,43,10,2.5,5,5.7,13.3,seek_help,HighStress_Moderate
54,10,54,19,96.0,31,5.137230676561712,3.3,5,4.16,5.1,seek_help,None
54,19,54,38,125.0,23,1.5,2.5,5,6.19,5.0,rest,None
54,8,54,8,223.0,40,10,4,5,6.79,17.9,seek_help,HighStress
54,14,54,5,33.0,7,10,2.64,5,4.1,3.2,rest,HighStress
54,7,54,32,194.0,46,0,3,3,9.5,11.2,rest,None
54,15,54,35,210.0,52,0.31314295645390033,2.48,6,7.75,14.6,work_alone,None
54,4,54,29,202.0,45,0,3.32,6,6.74,12.1,rest,None
54,16,54,16,146.0,34,0.5,4.5,3,6.83,13.7,attempt_collaboration,None
54,6,54,8,140.5,25,9.882832078064109,4.64,4,6.55,8.8,seek_help,HighStress_Moderate
54,18,54,6,275.0,58,10,3.54,8,7.23,18.7,rest,HighStress
55,14,55,15,33.0,7,10,2.64,5,4.1,3.2,rest,HighStress
55,4,55,24,202.0,45,2,3.32,6,6.57,12.1,seek_help,None
55,12,55,20,191.0,23,6.543033528265645,4.98,4,6.58,9.0,seek_help,None
55,10,55,14,96.0,31,9.137230676561712,3.3,5,3.96,5.1,seek_help,HighStress_Moderate
55,1,55,28,142.0,18,0.5,2.94,2,6.25,10.8,strengthen_ties,None
55,15,55,28,217.0,52,0.6070255717395148,2.48,6,7.78,14.6,work_alone,None
55,6,55,16,140.5,25,8.882832078064109,4.64,4,6.55,8.8,rest,HighStress
55,3,55,23,73.0,6,0.9643824442096478,2.4,2,1.3,0.2,work_alone,None
55,8,55,18,223.0,40,10,4,5,6.79,17.9,rest,HighStress
55,13,55,25,179.0,46,0.3656266226615332,3.6,5,7.21,14.7,work_alone,None
55,9,55,40,204.0,30,1,3.2,3,8.11,10.0,rest,None
55,5,55,59,228.0,60,0,3.14,5,6.68,20.2,rest,None
55,16,55,27,146.0,34,1.5,4.5,3,6.83,13.7,rest,LowEnergy
55,19,55,52,125.0,23,0,2.5,5,6.19,5.0,rest,None
55,7,55,24,194.0,44,0,3,3,9.83,15.7,attempt_knowledge_share,None
55,11,55,43,286.0,68,0,4.84,5,8.4,20.9,rest,None
55,18,55,13,275.0,67,10,3.54,8,7.36,18.7,rest,HighStress
55,17,55,57,112.0,25,0,2.64,6,5.44,8.2,rest,None
55,0,55,35,217.0,49,0,4.54,2,9.75,18.1,rest,None
55,2,55,4,161.0,43,10,2.5,5,5.5,13.3,seek_help,HighStress
56,12,56,15,191.0,23,7.543033528265645,4.98,4,6.96,9.0,seek_help,None
56,15,56,23,217.0,52,2.6070255717395145,2.48,6,7.61,14.6,seek_help,None
56,2,56,9,161.0,43,10,2.5,5,5.5,13.3,rest,HighStress
56,10,56,19,96.0,31,9.137230676561712,3.3,5,3.96,5.1,rest,HighStress
56,5,56,54,228.0,60,0,3.14,5,6.95,20.2,strengthen_ties,None
56,19,56,38,125.0,23,0.5,2.5,5,6.09,5.0,attempt_collaboration,None
56,16,56,36,146.0,34,0,4.5,3,6.83,13.7,rest,None
56,14,56,24,33.0,7,9,2.64,5,4.1,3.2,rest,HighStress
56,8,56,21,223.0,42,9.5,4,5,6.99,17.9,rest,HighStress
56,17,56,44,112.0,25,0.5,2.64,6,5.36,8.2,attempt_collaboration,None
56,6,56,22,140.5,25,8.882832078064109,4.64,4,6.55,8.8,rest,HighStress
56,7,56,19,194.0,44,2,3,3,9.5,15.7,seek_help,None
56,1,56,45,142.0,18,0,2.94,2,6.25,10.8,rest,None
56,9,56,33,204.0,30,1,3.2,3,8.44,11.0,attempt_knowledge_share,None
56,11,56,34,294.0,68,0.44772922722795366,4.84,5,8.4,20.9,work_alone,None
56,13,56,43,179.0,55,-0.5,3.6,5,7.21,14.7,rest,None
56,0,56,25,217.0,47,0,4.54,2,9.75,22.6,attempt_knowledge_share,None
56,3,56,38,73.0,6,0,2.4,2,1.3,0.2,rest,None
56,18,56,25,275.0,67,9,3.54,8,7.36,18.7,rest,HighStress
56,4,56,35,202.0,45,0,3.32,6,6.57,12.1,rest,None
57,11,57,19,318.0,73,0.44772922722795366,4.84,5,8.8,22.4,attempt_collaboration,None
57,7,57,35,194.0,44,2,3.2,3,9.5,15.8,rest,LowEnergy
57,4,57,30,202.0,45,0,3.32,6,6.75,12.1,strengthen_ties,None
57,6,57,40,140.5,29,6.382832078064109,4.78,4,6.89,8.9,rest,HighStress_Moderate
57,0,57,41,217.0,47,0,4.54,2,9.75,22.6,rest,None
57,10,57,23,96.0,31,10,3.3,5,3.96,5.1,rest,HighStress
57,18,57,20,275.0,67,10,3.54,8,7.23,18.7,seek_help,HighStress_Moderate
57,1,57,26,166.0,23,0,2.94,2,7.25,12.3,strengthen_ties,None
57,3,57,23,96.0,11,0,2.4,2,2.3,1.7,attempt_collaboration,None
57,12,57,21,191.0,23,6.543033528265646,4.98,4,6.96,9.0,rest,HighStress
57,14,57,38,33.0,7,6,2.78,5,4.1,3.3,rest,HighStress_Moderate
57,5,57,46,235.0,60,0.11276037332041061,3.14,5,6.95,20.2,work_alone,None
57,8,57,26,223.0,42,7.5,4,5,6.99,17.9,rest,HighStress
57,13,57,34,183.0,55,0,3.6,5,7.21,14.7,work_alone,None
57,19,57,27,133.0,23,0.639712214004279,2.5,5,6.09,5.0,work_alone,None
57,2,57,22,161.0,43,10,2.5,5,5.5,13.3,rest,HighStress
57,17,57,33,112.0,24,0.5,2.64,6,5.53,10.2,attempt_knowledge_share,None
57,15,57,36,217.0,52,1.6070255717395145,2.48,6,7.69,14.6,rest,None
57,16,57,41,169.0,39,0,4.5,3,7.5,15.2,rest,None
57,9,57,23,211.0,30,1.387727106440407,3.2,3,8.44,11.0,work_alone,None
58,0,58,29,220.0,55,-0.12270211651954072,4.54,2,9.75,22.6,work_alone,None
58,14,58,46,33.0,7,5,2.78,5,4.1,3.3,rest,None
58,5,58,36,242.0,60,0.12057604886653411,3.14,5,6.95,20.2,work_alone,None
58,1,58,21,166.0,23,1,2.94,2,7.25,12.3,seek_help,None
58,19,58,22,133.0,23,1.639712214004279,2.5,5,6.39,5.0,seek_help,None
58,8,58,36,223.0,42,4.5,4.14,5,7.09,18.0,rest,HighStress_Moderate
58,7,58,30,194.0,44,2,3.2,3,9.67,15.8,strengthen_ties,None
58,16,58,36,169.0,39,0,4.5,3,8.14,15.2,strengthen_ties,None
58,6,58,33,140.5,29,6.882832078064109,4.78,4,6.77,8.9,attempt_knowledge_share,None
58,3,58,18,96.0,11,1,2.4,2,3.27,1.7,seek_help,None
58,15,58,29,223.0,52,1.7789985425003858,2.48,6,7.84,14.6,work_alone,None
58,12,58,39,191.0,23,4.543033528265646,4.98,4,6.96,9.0,rest,None
58,9,58,40,211.0,30,0,3.2,3,8.44,11.0,rest,None
58,10,58,13,96.0,31,10,3.3,5,4.26,5.1,seek_help,HighStress
58,18,58,32,275.0,67,9,3.62,8,7.25,18.8,rest,HighStress
58,13,58,25,183.0,53,0,3.6,5,7.21,18.7,attempt_knowledge_share,None
58,2,58,12,161.0,43,10,2.5,5,5.3,13.3,seek_help,HighStress
58,11,58,14,318.0,73,4.447729227227954,4.84,5,8.6,22.4,seek_help,LowEnergy
58,4,58,20,207.0,45,0.059461137042412404,3.32,6,6.75,12.1,work_alone,None
58,17,58,23,118.0,24,0.5129497910695897,2.64,6,5.53,10.2,work_alone,None
59,1,59,37,166.0,23,0,2.94,2,7.25,12.3,rest,None
59,16,59,25,176.0,39,0.4664002768927931,4.5,3,8.14,15.2,work_alone,None
59,11,59,22,318.0,73,5.447729227227954,4.84,5,8.6,22.4,rest,LowEnergy
59,15,59,47,223.0,52,0.7789985425003858,2.48,6,7.84,14.6,rest,None
59,4,59,15,207.0,45,2.0594611370424123,3.32,6,6.58,12.1,seek_help,None
59,3,59,35,96.0,11,1,2.6,2,3.27,1.8,rest,LowEnergy
59,17,59,34,118.0,24,0,2.64,6,5.56,10.2,rest,None
59,19,59,35,133.0,23,0,2.5,5,6.39,5.0,rest,None
59,18,59,19,275.0,67,10,3.62,8,7.12,18.8,attempt_collaboration,HighStress_Moderate
59,12,59,49,191.0,23,1.5430335282656458,4.98,4,6.96,9.0,rest,None
59,10,59,3,96.0,31,10,3.3,5,4.36,5.1,seek_help,HighStress
59,14,59,29,33.0,7,5.5,2.78,5,4.0,3.3,attempt_collaboration,None
59,13,59,41,183.0,53,0,3.6,5,7.21,18.7,rest,None
59,5,59,24,264.0,65,0.12057604886653411,3.14,5,7.35,21.7,attempt_collaboration,None
59,6,59,28,140.5,29,6.882832078064109,4.78,4,7.14,8.9,strengthen_ties,None
59,9,59,12,233.0,35,5,3.2,3,8.44,12.5,seek_help,LowEnergy
59,2,59,18,161.0,43,10,2.5,5,5.3,13.3,rest,HighStress
59,0,59,24,220.0,55,1.8772978834804592,4.54,2,9.25,22.6,seek_help,None
59,7,59,18,202.0,44,2.405280840192086,3.2,3,9.67,15.8,work_alone,None
59,8,59,25,230.0,42,4.8416706785347206,4.14,5,7.19,18.0,work_alone,None
60,10,60,4,96.0,31,10,3.3,5,4.36,5.1,rest,HighStress
60,3,60,26,102.0,11,1.110996407831661,2.6,2,3.27,1.8,work_alone,None
60,4,60,19,207.0,49,4.559461137042412,3.42,6,7.0,13.1,seek_help,LowEnergy
60,17,60,18,118.0,24,0.5,2.64,6,5.47,10.2,attempt_collaboration,None
60,16,60,33,176.0,39,0,4.5,5,5.68,15.2,rest,None
60,7,60,11,202.0,44,7.405280840192086,3.3,3,9.67,16.8,seek_help,LowEnergy
60,0,60,36,220.0,55,0.8772978834804592,4.54,2,9.25,22.6,rest,None
60,19,60,40,133.0,23,2,2.5,5,6.39,5.0,rest,None
60,5,60,16,264.0,65,2.120576048866534,3.14,5,7.18,21.7,seek_help,None
60,13,60,27,183.0,53,0.5,3.6,5,7.11,18.7,attempt_collaboration,None
60,14,60,33,33.0,7,5.5,2.92,5,4.0,3.4,rest,HighStress_Moderate
60,11,60,28,318.0,73,7.447729227227953,4.84,5,8.6,22.4,rest,HighStress
60,15,60,40,229.0,54,0.549545359084759,2.48,6,7.84,14.6,work_alone,None
60,18,60,20,275.0,67,10,3.62,8,7.12,18.8,rest,HighStress
60,6,60,23,140.5,29,8.882832078064109,4.78,5,5.71,8.9,seek_help,None
60,9,60,22,233.0,35,6,3.2,3,8.44,12.5,rest,LowEnergy
60,1,60,25,166.0,23,0,2.94,2,7.25,13.3,attempt_knowledge_share,None
60,12,60,34,191.0,22,4.543033528265646,4.98,4,7.21,11.0,attempt_knowledge_share,None
60,2,60,17,161.0,43,10,2.5,5,5.3,13.3,rest,HighStress
60,8,60,32,230.0,42,2.8416706785347206,4.14,6,6.57,18.0,rest,None
61,11,61,23,318.0,73,9.447729227227953,4.84,5,8.4,22.4,seek_help,HighStress_Moderate
61,18,61,23,275.0,67,7,3.62,8,7.12,18.8,rest,HighStress
61,9,61,35,233.0,35,4,3.2,3,8.44,12.5,rest,None
61,16,61,42,176.0,39,0,4.5,5,5.68,15.2,rest,None
61,2,61,27,161.0,43,9,2.5,5,5.3,13.3,rest,HighStress
61,1,61,20,166.0,23,1,2.94,2,7.25,13.3,seek_help,None
61,0,61,29,225.0,55,0.9138047467783117,4.54,2,9.25,22.6,work_alone,None
61,10,61,9,96.0,31,9,3.3,5,4.36,5.1,rest,HighStress
61,6,61,37,140.5,29,7.882832078064109,4.92,5,5.71,9.0,rest,HighStress_Moderate
61,7,61,1,202.0,44,10,3.3,3,9.67,16.8,seek_help,HighStress
61,4,61,27,207.0,49,5.559461137042412,3.42,6,7.0,13.1,rest,LowEnergy
61,13,61,22,183.0,53,2.5,3.6,5,6.96,18.7,seek_help,None
61,15,61,51,229.0,54,0,2.48,6,7.84,14.6,rest,None
61,19,61,35,133.0,23,2,2.5,5,6.56,5.0,strengthen_ties,None
61,17,61,35,118.0,24,0,2.84,6,5.47,10.3,rest,LowEnergy
61,5,61,26,264.0,65,1.1205760488665337,3.14,5,7.28,21.7,rest,LowEnergy
61,8,61,23,236.0,42,3.2573217514805317,4.14,6,6.57,18.0,work_alone,None
61,3,61,40,102.0,11,0.11099640783166098,2.6,2,3.27,1.8,rest,None
61,12,61,22,194.0,22,4.616632743166754,4.98,4,7.21,11.0,work_alone,None
61,14,61,49,33.0,7,3.5,2.92,5,4.0,3.4,rest,None
62,7,62,14,202.0,44,10,3.3,3,9.67,16.8,rest,HighStress
62,19,62,50,133.0,23,1,2.5,5,6.56,5.0,rest,None
62,11,62,13,318.0,73,10,4.84,5,8.2,22.4,seek_help,HighStress
62,18,62,32,275.0,67,4,3.62,8,7.12,18.8,rest,None
62,1,62,33,166.0,23,0,2.94,2,7.25,13.3,rest,None
62,13,62,17,183.0,53,4.5,3.6,5,6.76,18.7,seek_help,None
62,15,62,41,229.0,54,0.5,2.48,6,7.75,14.6,attempt_collaboration,None
62,9,62,30,233.0,35,4,3.2,3,8.76,12.5,strengthen_ties,None
62,16,62,26,176.0,39,0.5,4.5,5,5.58,15.2,attempt_collaboration,None
62,6,62,30,140.5,29,8.382832078064109,4.92,5,5.61,9.0,attempt_knowledge_share,HighStress_Moderate
62,17,62,23,123.0,24,0.22534563264391522,2.84,6,5.47,10.3,work_alone,None
62,2,62,39,161.0,43,8,2.64,5,5.3,13.4,rest,HighStress_Moderate
62,4,62,38,207.0,49,2.559461137042412,3.42,6,7.0,13.1,rest,None
62,0,62,42,225.0,55,0,4.54,2,9.25,22.6,rest,None
62,10,62,16,96.0,31,8,3.3,5,4.36,5.1,rest,HighStress
62,14,62,67,33.0,7,2.5,2.92,5,4.0,3.4,rest,None
62,8,62,33,236.0,42,0.2573217514805317,4.14,6,6.57,18.0,rest,None
62,3,62,50,102.0,11,0,2.6,2,3.27,1.8,rest,None
62,12,62,17,194.0,22,6.616632743166754,4.98,4,6.96,11.0,seek_help,None
62,5,62,39,264.0,65,0.12057604886653372,3.14,5,7.28,21.7,rest,None
63,16,63,38,176.0,39,0,4.5,5,5.58,15.2,rest,None
63,17,63,31,123.0,24,0,2.84,6,5.47,10.3,rest,None
63,8,63,42,236.0,42,0,4.14,6,6.57,18.0,rest,None
63,19,63,34,156.0,28,1,2.5,5,6.96,6.5,attempt_collaboration,None
63,1,63,23,166.0,23,0.5,2.94,2,7.0,13.3,attempt_collaboration,None
63,15,63,24,229.0,54,1.0,2.48,6,7.67,14.6,attempt_collaboration,None
63,11,63,19,318.0,73,10,4.84,5,8.2,22.4,rest,HighStress
63,13,63,35,183.0,53,4.5,3.8,5,6.76,18.8,rest,LowEnergy
63,5,63,29,264.0,65,0.6205760488665337,3.14,5,7.18,21.7,attempt_collaboration,None
63,0,63,58,225.0,55,0,4.54,2,9.25,22.6,rest,None
63,3,63,42,102.0,11,0.5,2.6,2,3.23,1.8,attempt_knowledge_share,None
63,2,63,24,184.0,48,10,2.64,5,5.5,14.9,seek_help,HighStress_Moderate
63,12,63,12,194.0,22,9.616632743166754,4.98,4,7.28,11.0,seek_help,HighStress_Moderate
63,18,63,22,282.0,67,4.418299487251834,3.62,8,7.12,18.8,work_alone,None
63,10,63,20,96.0,31,8,3.3,5,4.36,5.1,rest,HighStress
63,7,63,27,202.0,44,10,3.3,3,9.67,16.8,rest,HighStress
63,9,63,19,240.0,35,4.294712617234895,3.2,3,8.76,12.5,work_alone,None
63,6,63,38,140.5,29,6.382832078064109,5.06,5,5.61,9.1,rest,HighStress_Moderate
63,4,63,48,207.0,49,0.5594611370424118,3.42,6,7.08,13.1,rest,None
63,14,63,59,37.0,7,2.5148423745775172,2.92,5,4.0,3.4,work_alone,None
64,16,64,21,190.0,41,0,4.5,5,5.98,15.8,attempt_collaboration,None
64,6,64,56,140.5,29,3.3828320780641086,5.06,5,5.61,9.1,rest,None
64,8,64,37,236.0,42,0,4.14,6,6.79,18.0,strengthen_ties,None
64,5,64,38,264.0,65,0,3.14,5,7.35,21.7,rest,None
64,7,64,17,202.0,44,10,3.3,3,9.67,16.8,seek_help,HighStress
64,4,64,48,219.0,55,0,3.42,6,7.5,14.9,rest,None
64,13,64,30,183.0,53,4.5,3.8,5,6.9,18.8,strengthen_ties,None
64,15,64,32,229.0,54,0,2.48,6,7.67,14.6,rest,None
64,10,64,36,96.0,31,5,3.44,5,4.36,5.2,rest,HighStress_Moderate
64,1,64,40,166.0,23,0,2.94,2,7.0,13.3,rest,None
64,11,64,25,318.0,73,9,4.84,5,8.2,22.4,rest,HighStress
64,14,64,49,41.0,7,2.6073836787095113,2.92,5,4.0,3.4,work_alone,None
64,17,64,17,135.0,30,0,2.84,6,5.81,12.1,attempt_collaboration,None
64,3,64,26,120.0,13,0.8431568860832801,2.6,2,4.23,2.4,work_alone,None
64,12,64,2,194.0,22,10,4.98,4,7.28,11.0,seek_help,HighStress
64,2,64,35,184.0,48,9,2.72,5,5.57,15.0,rest,HighStress
64,18,64,39,282.0,67,3.4182994872518337,3.62,8,7.12,18.8,rest,None
64,9,64,36,240.0,35,3.294712617234895,3.4,3,8.76,12.6,rest,LowEnergy
64,19,64,29,156.0,28,1,2.5,5,7.14,6.5,strengthen_ties,None
64,0,64,41,225.0,55,0.5,4.54,2,9.0,22.6,attempt_collaboration,None
65,13,65,18,190.0,53,4.808544461017079,3.8,5,6.9,18.8,work_alone,None
65,8,65,30,240.0,42,0.37303005078805446,4.14,6,6.79,18.0,work_alone,None
65,1,65,28,172.0,23,0.06159849921651278,2.94,2,7.0,13.3,work_alone,None
65,16,65,34,190.0,41,0,4.5,5,5.98,15.8,rest,None
65,19,65,37,156.0,28,0,2.5,5,7.14,6.5,rest,None
65,9,65,31,240.0,35,3.294712617234895,3.4,3,9.15,12.6,strengthen_ties,None
65,11,65,20,318.0,73,10,4.84,5,8.0,22.4,seek_help,HighStress_Moderate
65,7,65,28,202.0,44,10,3.3,3,9.67,16.8,rest,HighStress
65,0,65,34,232.0,55,0.8710781966430912,4.54,2,9.0,22.6,work_alone,None
65,5,65,33,264.0,65,0,3.14,5,7.66,21.7,strengthen_ties,None
65,10,65,23,96.0,31,5.5,3.44,5,4.36,5.2,attempt_collaboration,None
65,2,65,26,184.0,48,9.5,2.72,5,5.47,15.0,attempt_knowledge_share,HighStress_Moderate
65,4,65,35,235.0,58,0,3.42,6,7.83,15.8,attempt_collaboration,None
65,12,65,6,194.0,22,10,4.98,4,7.28,11.0,rest,HighStress
65,14,65,37,47.0,7,2.688183791423876,2.92,5,4.0,3.4,work_alone,None
65,3,65,41,120.0,13,0,2.6,2,4.23,2.4,rest,None
65,15,65,18,229.0,54,0.5,2.48,6,7.59,14.6,attempt_collaboration,None
65,6,65,49,140.5,29,3.3828320780641086,5.06,5,5.81,9.6,attempt_knowledge_share,None
65,18,65,41,298.0,70,1.4182994872518337,3.62,8,7.37,19.7,rest,None
65,17,65,34,135.0,31,0,3.04,6,5.97,12.2,rest,LowEnergy
66,8,66,21,244.0,42,0.7337110594735392,4.14,6,6.82,18.0,work_alone,None
66,0,66,17,232.0,55,1.3710781966430912,4.54,2,8.75,22.6,attempt_collaboration,None
66,6,66,64,140.5,30,0.8828320780641086,5.06,5,6.01,9.6,rest,None
66,15,66,27,229.0,54,0,2.48,6,7.59,14.6,rest,LowEnergy
66,7,66,41,202.0,44,7,3.38,3,9.67,16.9,rest,HighStress
66,19,66,30,161.0,28,0.12948414400226255,2.5,5,7.14,6.5,work_alone,None
66,4,66,30,235.0,58,0,3.42,6,7.83,15.8,strengthen_ties,None
66,2,66,32,184.0,48,8.5,2.8,5,5.47,15.1,rest,HighStress
66,13,66,13,190.0,53,8.808544461017078,3.8,5,6.7,18.8,seek_help,LowEnergy
66,9,66,21,260.0,41,3.294712617234895,3.4,3,9.81,14.4,attempt_collaboration,None
66,17,66,23,135.0,31,0,3.04,6,6.14,12.7,attempt_knowledge_share,None
66,5,66,26,268.0,65,0.21728816330452055,3.14,5,7.66,21.7,work_alone,None
66,14,66,49,47.0,7,1.6881837914238762,2.92,5,4.0,3.4,rest,None
66,12,66,19,194.0,22,9,4.98,4,7.28,11.0,rest,HighStress
66,3,66,36,120.0,13,0,2.6,2,4.88,2.4,strengthen_ties,None
66,11,66,23,318.0,73,8,4.84,5,8.0,22.4,rest,HighStress
66,10,66,33,96.0,31,3.5,3.44,5,4.36,5.2,rest,None
66,18,66,44,318.0,76,0.41829948725183375,3.62,8,7.62,21.5,rest,None
66,1,66,23,172.0,23,2.0615984992165126,2.94,2,6.5,13.3,seek_help,None
66,16,66,27,190.0,41,0.5,4.5,5,5.94,15.8,attempt_knowledge_share,None
67,1,67,40,172.0,23,1.0615984992165126,2.94,2,6.5,13.3,rest,None
67,16,67,36,190.0,41,0,4.5,5,5.94,15.8,rest,None
67,3,67,31,120.0,13,0,2.6,2,5.2,2.4,strengthen_ties,None
67,9,67,16,260.0,41,5.294712617234895,3.4,3,9.48,14.4,seek_help,None
67,6,67,79,140.5,30,0,5.06,5,6.01,9.6,rest,None
67,8,67,16,244.0,42,2.7337110594735394,4.14,6,6.65,18.0,seek_help,None
67,0,67,20,232.0,55,4.371078196643091,4.64,2,9.0,23.6,seek_help,LowEnergy
67,15,67,36,229.0,54,0,2.48,6,7.59,14.6,rest,None
67,12,67,32,194.0,22,9,5.06,4,7.28,11.1,rest,HighStress
67,2,67,47,184.0,48,5.5,2.94,5,5.47,15.2,rest,HighStress_Moderate
67,7,67,34,202.0,44,7,3.38,3,9.67,18.4,attempt_knowledge_share,None
67,10,67,19,96.0,31,4.0,3.44,5,4.26,5.2,attempt_collaboration,None
67,14,67,42,55.0,7,1.729968361771226,2.92,5,4.06,3.4,work_alone,None
67,4,67,25,235.0,58,0,3.42,6,8.03,15.8,strengthen_ties,None
67,17,67,31,135.0,31,0,3.04,6,6.14,12.7,rest,None
67,11,67,30,318.0,73,8,4.84,5,8.1,22.4,rest,HighStress
67,18,67,35,318.0,76,0.9182994872518337,3.62,8,7.56,21.5,attempt_knowledge_share,None
67,13,67,3,190.0,53,10,3.8,5,6.94,18.8,seek_help,HighStress
67,5,67,44,268.0,68,0,3.14,5,7.9,21.7,rest,None
67,19,67,19,161.0,28,0.6294841440022625,2.5,5,7.04,6.5,attempt_collaboration,None
68,19,68,22,161.0,28,3.6294841440022623,2.6,5,7.04,7.5,seek_help,LowEnergy
68,5,68,36,268.0,68,0.5,3.14,5,7.9,21.7,attempt_knowledge_share,None
68,2,68,39,184.0,48,5.5,2.94,5,5.67,16.2,attempt_knowledge_share,None
68,7,68,43,202.0,44,5,3.38,3,9.67,18.4,rest,None
68,8,68,11,244.0,42,6.733711059473539,4.14,6,6.49,18.0,seek_help,LowEnergy
68,13,68,1,190.0,53,10,3.8,5,6.94,18.8,seek_help,HighStress
68,9,68,11,260.0,41,9.294712617234895,3.4,3,9.15,14.4,seek_help,HighStress_Moderate
68,16,68,25,190.0,41,0,4.5,5,6.14,19.8,attempt_knowledge_share,None
68,4,68,35,235.0,58,0,3.42,6,8.03,15.8,rest,None
68,12,68,24,194.0,22,9.5,5.06,4,7.16,11.1,attempt_knowledge_share,HighStress_Moderate
68,18,68,18,341.0,82,0.9182994872518337,3.62,8,7.76,23.3,attempt_collaboration,None
68,11,68,20,318.0,81,8.0,4.84,5,8.2,22.4,attempt_collaboration,HighStress_Moderate
68,14,68,35,60.0,7,2.059598953921229,2.92,5,4.06,3.4,work_alone,None
68,3,68,19,123.0,13,0.21927135433314648,2.6,2,5.2,2.4,work_alone,None
68,6,68,72,147.5,30,0.2742766815418163,5.06,5,6.01,9.6,work_alone,None
68,17,68,17,158.0,37,2,3.04,6,6.31,14.5,seek_help,None
68,1,68,35,172.0,23,1.0615984992165126,2.94,2,6.87,13.3,strengthen_ties,None
68,15,68,23,236.0,54,0.17794687889566102,2.48,6,7.67,14.6,work_alone,None
68,10,68,14,96.0,31,8.0,3.44,5,4.06,5.2,seek_help,LowEnergy
68,0,68,28,232.0,55,2.371078196643091,4.64,2,9.0,23.6,rest,None
69,8,69,24,244.0,42,7.7337110594735385,4.14,6,6.49,18.0,rest,HighStress_Moderate
69,19,69,36,161.0,28,2.6294841440022623,2.6,5,7.04,7.5,rest,None
69,5,69,31,268.0,68,0.5,3.14,5,7.94,21.7,strengthen_ties,None
69,4,69,23,242.0,58,0.4683643254384412,3.42,6,8.03,15.8,work_alone,None
69,18,69,23,363.0,86,0.9182994872518337,3.82,8,8.05,24.6,rest,LowEnergy
69,6,69,62,169.5,34,0.2742766815418163,5.06,5,6.41,10.8,attempt_collaboration,None
69,17,69,27,158.0,37,3,3.04,6,6.31,14.5,rest,LowEnergy
69,13,69,12,190.0,53,10,3.8,5,6.94,18.8,rest,HighStress
69,10,69,19,96.0,31,9.0,3.44,5,4.06,5.2,rest,HighStress
69,9,69,18,260.0,41,10,3.4,3,9.15,14.4,rest,HighStress
69,11,69,15,318.0,81,10,4.84,5,8.0,22.4,seek_help,HighStress_Moderate
69,3,69,19,123.0,13,3.2192713543331464,2.7,2,5.32,3.4,seek_help,LowEnergy
69,14,69,27,68.0,7,2.4728606709708902,2.92,5,4.06,3.4,work_alone,None
69,0,69,44,232.0,55,1.371078196643091,4.64,2,9.0,23.6,rest,None
69,1,69,52,172.0,23,0.061598499216512614,2.94,2,6.87,13.3,rest,None
69,15,69,18,236.0,54,2.177946878895661,2.48,6,7.5,14.6,seek_help,None
69,12,69,36,194.0,22,8.5,5.14,4,7.16,11.2,rest,HighStress
69,2,69,24,184.0,48,6.0,2.94,5,5.57,16.2,attempt_collaboration,None
69,7,69,38,202.0,44,5,3.38,3,9.67,18.4,strengthen_ties,None
69,16,69,36,190.0,41,0,4.5,5,6.24,19.8,rest,None
70,0,70,31,232.0,55,1.871078196643091,4.64,2,8.75,23.6,attempt_collaboration,None
70,9,70,8,260.0,41,10,3.4,4,7.23,14.4,seek_help,HighStress
70,13,70,2,190.0,53,10,3.8,5,6.94,18.8,seek_help,HighStress
70,11,70,26,318.0,81,10,4.84,5,8.0,22.4,rest,HighStress
70,15,70,32,236.0,54,3.1779468788956606,2.68,6,7.5,14.7,rest,LowEnergy
70,7,70,26,210.0,44,5.031707151618775,3.38,3,9.67,18.4,work_alone,None
70,17,70,43,158.0,37,0,3.04,6,6.31,14.5,rest,None
70,10,70,25,96.0,31,10,3.44,5,4.06,5.2,rest,HighStress
70,16,70,21,190.0,41,0.5,4.5,5,6.14,19.8,attempt_collaboration,None
70,6,70,50,174.5,34,0.7717343587957246,5.06,5,6.41,10.8,work_alone,None
70,5,70,47,268.0,68,0,3.14,5,7.94,21.7,rest,None
70,19,70,29,167.0,28,2.758750466044368,2.6,5,7.04,7.5,work_alone,None
70,8,70,42,244.0,42,6.7337110594735385,4.28,6,6.49,18.1,rest,HighStress_Moderate
70,18,70,18,363.0,86,2.9182994872518337,3.82,8,7.99,24.6,seek_help,None
70,4,70,39,242.0,58,0,3.42,6,8.03,15.8,rest,None
70,2,70,36,184.0,48,5.0,2.94,5,5.57,16.2,rest,None
70,14,70,22,68.0,7,4.47286067097089,2.92,5,3.86,3.4,seek_help,None
70,1,70,39,172.0,23,0.5615984992165126,2.94,3,5.08,13.3,attempt_collaboration,None
70,3,70,32,123.0,13,3.219271354333147,2.9,2,5.32,3.5,rest,LowEnergy
70,12,70,50,194.0,22,5.5,5.28,4,7.16,11.3,rest,HighStress_Moderate
71,9,71,15,260.0,49,9.5,3.4,4,7.48,14.4,rest,HighStress
71,1,71,54,172.0,23,0,2.94,3,5.08,13.3,rest,None
71,13,71,14,190.0,53,10,3.8,5,6.94,18.8,rest,HighStress
71,12,71,38,201.0,22,5.7353270043279645,5.28,4,7.16,11.3,work_alone,None
71,19,71,46,167.0,28,0.758750466044368,2.6,5,7.04,7.5,rest,None
71,15,71,27,236.0,54,3.1779468788956606,2.68,6,7.66,14.7,strengthen_ties,None
71,0,71,23,235.0,55,2.012431951843317,4.64,2,8.75,23.6,work_alone,None
71,3,71,20,126.0,13,3.5814083703129813,2.9,2,5.32,3.5,work_alone,None
71,11,71,29,318.0,81,7,4.84,5,8.0,22.4,rest,HighStress
71,6,71,34,174.5,34,1.2717343587957246,5.06,5,6.31,10.8,attempt_collaboration,None
71,7,71,37,210.0,44,3.0317071516187752,3.38,3,9.79,18.4,rest,None
71,18,71,28,363.0,91,3.4182994872518337,3.82,8,8.11,24.6,rest,LowEnergy
71,17,71,54,158.0,37,0,3.04,6,6.31,14.5,rest,None
71,14,71,30,68.0,7,2.4728606709708902,2.92,5,3.86,3.4,rest,None
71,10,71,33,96.0,31,9,3.52,5,4.06,5.3,rest,HighStress
71,4,71,53,242.0,59,-0.5,3.42,6,8.03,15.8,rest,None
71,5,71,37,268.0,66,0,3.14,5,7.94,25.7,attempt_knowledge_share,None
71,8,71,31,244.0,42,6.7337110594735385,4.28,6,6.65,18.6,attempt_knowledge_share,None
71,16,71,16,190.0,41,2.5,4.5,5,5.94,19.8,seek_help,None
71,2,71,26,184.0,47,5.0,2.94,5,5.77,18.7,attempt_knowledge_share,None
72,2,72,21,184.0,47,7.0,2.94,5,5.57,18.7,seek_help,None
72,6,72,24,180.5,34,1.3953556160737586,5.06,5,6.31,10.8,work_alone,None
72,9,72,19,260.0,49,10,3.4,4,7.48,14.4,rest,HighStress
72,10,72,28,96.0,31,9,3.52,5,4.24,5.3,strengthen_ties,HighStress_Moderate
72,8,72,19,248.0,42,6.9384859744653555,4.28,6,6.65,18.6,work_alone,None
72,0,72,32,235.0,55,1.012431951843317,4.64,2,8.75,23.6,rest,None
72,19,72,35,171.0,28,1.041619218832704,2.6,5,7.06,7.5,work_alone,None
72,5,72,52,268.0,66,0,3.14,5,7.94,25.7,rest,None
72,4,72,42,258.0,65,0,3.42,6,8.11,17.6,attempt_collaboration,None
72,11,72,44,318.0,81,4,4.84,5,8.0,22.4,rest,None
72,1,72,47,178.0,23,0.4250332813926743,2.94,3,5.08,13.3,work_alone,None
72,7,72,48,210.0,44,2.0317071516187752,3.38,3,9.79,18.4,rest,None
72,16,72,34,190.0,41,2.5,4.7,5,5.94,19.9,rest,LowEnergy
72,14,72,20,73.0,7,2.554762470810922,2.92,5,3.86,3.4,work_alone,None
72,15,72,40,236.0,54,0.17794687889566063,2.68,6,7.66,14.7,rest,None
72,13,72,23,190.0,53,9,3.8,5,6.94,18.8,rest,HighStress
72,3,72,35,126.0,13,2.5814083703129813,2.9,2,5.32,3.5,rest,None
72,17,72,69,158.0,37,0,3.04,6,6.31,14.5,rest,None
72,18,72,23,363.0,91,5.418299487251834,3.82,8,7.99,24.6,seek_help,None
72,12,72,38,217.0,28,2.7353270043279645,5.28,4,7.16,13.1,rest,None
73,17,73,58,163.0,37,0.19235543420042545,3.04,6,6.31,14.5,work_alone,None
73,18,73,31,379.0,93,4.418299487251834,3.82,8,8.05,25.2,rest,None
73,15,73,35,236.0,54,0.17794687889566063,2.68,6,7.89,14.7,strengthen_ties,None
73,9,73,27,260.0,49,10,3.4,4,7.48,14.4,rest,HighStress
73,16,73,24,190.0,41,2.5,4.7,5,6.14,21.4,attempt_knowledge_share,None
73,3,73,26,131.0,16,2.5330655888250737,2.9,2,5.32,3.5,work_alone,None
73,6,73,32,180.5,34,0,5.06,5,6.31,10.8,rest,None
73,8,73,35,248.0,42,6.938485974465355,4.42,6,6.72,18.7,rest,HighStress_Moderate
73,10,73,37,96.0,31,7,3.66,5,4.24,5.4,rest,HighStress_Moderate
73,5,73,47,268.0,66,0,3.14,5,7.94,25.7,strengthen_ties,None
73,1,73,36,181.0,23,0.5675935733344931,2.94,3,5.08,13.3,work_alone,None
73,19,73,25,171.0,28,1.041619218832704,2.6,5,7.26,8.5,attempt_knowledge_share,None
73,4,73,28,274.0,67,0,3.42,6,8.11,18.2,attempt_collaboration,None
73,11,73,29,318.0,81,4.5,4.84,5,7.9,22.4,attempt_collaboration,None
73,13,73,32,190.0,55,6.5,3.94,5,7.14,18.9,rest,HighStress_Moderate
73,12,73,30,217.0,27,2.7353270043279645,5.28,4,7.41,15.6,attempt_knowledge_share,None
73,7,73,38,216.0,44,2.2146145139731406,3.38,3,9.79,18.4,work_alone,None
73,2,73,36,184.0,52,4.5,2.94,5,5.77,18.7,rest,None
73,14,73,15,73.0,7,4.554762470810922,2.92,5,3.66,3.4,seek_help,None
73,0,73,23,243.0,55,1.0270487582450571,4.64,2,8.75,23.6,work_alone,None
74,16,74,19,190.0,41,4.5,4.7,5,5.94,21.4,seek_help,None
74,3,74,21,131.0,16,4.533065588825074,2.9,2,4.82,3.5,seek_help,None
74,2,74,20,199.0,58,4.5,2.94,5,6.17,20.5,attempt_collaboration,None
74,13,74,21,198.0,55,6.758065051500654,3.94,5,7.14,18.9,work_alone,None
74,10,74,39,111.0,37,4,3.66,5,4.64,7.2,rest,None
74,19,74,35,171.0,28,0,2.6,5,7.26,8.5,rest,None
74,9,74,17,260.0,49,10,3.4,4,7.48,14.4,seek_help,HighStress
74,12,74,13,217.0,27,3.2353270043279645,5.28,4,7.28,15.6,attempt_collaboration,None
74,11,74,42,318.0,81,2.5,4.84,5,7.9,22.4,rest,None
74,1,74,26,181.0,23,0.5675935733344931,2.94,3,5.17,14.8,attempt_knowledge_share,None
74,4,74,38,274.0,67,0,3.42,6,8.11,18.2,rest,None
74,8,74,53,248.0,42,4.938485974465355,4.42,6,6.72,18.7,rest,None
74,18,74,48,379.0,93,1.4182994872518337,3.82,8,8.11,25.2,rest,None
74,5,74,37,292.0,68,0,3.14,5,7.94,26.3,attempt_collaboration,None
74,0,74,34,243.0,55,0,4.64,2,8.75,23.6,rest,None
74,6,74,16,195.5,36,0,5.06,5,6.51,11.4,attempt_collaboration,None
74,15,74,26,236.0,57,0.17794687889566063,2.68,6,7.97,14.7,attempt_knowledge_share,None
74,7,74,21,240.0,46,3.2146145139731406,3.38,3,9.79,19.0,seek_help,None
74,17,74,43,178.0,39,0.19235543420042545,3.04,6,6.76,15.1,strengthen_ties,None
74,14,74,33,73.0,7,4.554762470810922,3.12,5,3.73,3.5,rest,LowEnergy
75,12,75,14,217.0,27,6.2353270043279645,5.38,4,7.28,16.6,seek_help,LowEnergy
75,17,75,38,178.0,39,0.19235543420042545,3.04,6,6.96,15.1,strengthen_ties,None
75,7,75,16,240.0,58,3.7146145139731406,3.38,3,9.79,19.0,seek_help,None
75,9,75,7,260.0,49,10,3.4,4,7.48,14.4,seek_help,HighStress
75,14,75,51,73.0,7,2.554762470810922,3.12,5,3.73,3.5,rest,None
75,0,75,26,243.0,53,0,4.64,2,9.0,27.6,attempt_knowledge_share,None
75,19,75,30,171.0,28,0,2.6,5,7.43,8.5,strengthen_ties,None
75,16,75,31,190.0,41,5.5,4.9,5,5.94,21.5,rest,LowEnergy
75,10,75,25,122.0,41,4,3.66,5,4.94,8.4,attempt_collaboration,None
75,1,75,37,181.0,23,0,2.94,3,5.17,14.8,rest,None
75,18,75,37,384.0,93,1.56596555021012,3.82,8,8.24,25.2,work_alone,None
75,13,75,39,198.0,55,3.7580650515006537,3.94,5,7.14,18.9,rest,None
75,2,75,15,199.0,58,5.5,2.94,5,6.53,20.5,seek_help,None
75,8,75,56,259.0,46,3.9384859744653546,4.42,6,6.82,19.9,rest,None
75,11,75,30,326.0,89,2.4711444848262127,4.84,5,8.1,22.4,work_alone,None
75,6,75,11,195.5,36,4,5.06,5,6.31,11.4,seek_help,LowEnergy
75,5,75,25,292.0,65,0,3.14,5,7.94,32.3,attempt_knowledge_share,None
75,4,75,43,274.0,67,0,3.42,6,8.16,18.2,rest,None
75,3,75,37,131.0,16,3.5330655888250737,2.9,2,4.82,3.5,rest,None
75,15,75,21,236.0,57,2.1779468788956606,2.68,6,7.8,14.7,seek_help,None
76,18,76,28,391.0,93,1.8004032410584971,3.82,8,8.24,25.2,work_alone,None
76,8,76,68,259.0,46,2.9384859744653546,4.42,6,6.82,19.9,rest,None
76,1,76,30,181.0,23,0,2.94,3,5.17,16.3,attempt_knowledge_share,None
76,17,76,50,178.0,39,0,3.04,6,6.96,15.1,rest,None
76,6,76,6,195.5,36,8,5.06,5,6.11,11.4,seek_help,LowEnergy
76,11,76,14,342.0,91,2.4711444848262127,4.84,5,8.4,23.0,attempt_collaboration,None
76,19,76,25,171.0,28,0,2.6,5,7.65,8.5,strengthen_ties,None
76,12,76,23,217.0,27,7.235327004327964,5.38,4,7.28,16.6,rest,HighStress_Moderate
76,9,76,13,260.0,49,9,3.4,4,7.48,14.4,rest,HighStress
76,3,76,49,131.0,16,2.5330655888250737,2.9,2,4.82,3.5,rest,None
76,7,76,30,240.0,58,3.7146145139731406,3.38,3,9.79,19.0,rest,LowEnergy
76,14,76,39,77.0,7,3.026225050029126,3.12,5,3.73,3.5,work_alone,None
76,0,76,21,243.0,53,2,4.64,2,8.5,27.6,seek_help,None
76,13,76,28,198.0,55,4.258065051500654,3.94,5,7.09,18.9,attempt_knowledge_share,None
76,5,76,37,292.0,65,0,3.14,5,7.94,32.3,rest,None
76,2,76,33,199.0,58,4.5,3.08,5,6.53,20.6,rest,HighStress_Moderate
76,10,76,38,122.0,41,3,3.66,5,4.94,8.4,rest,None
76,4,76,60,274.0,67,0,3.42,6,8.16,18.2,rest,None
76,16,76,27,206.0,43,5.5,4.9,5,6.24,22.1,rest,HighStress_Moderate
76,15,76,16,236.0,60,3.6779468788956606,2.68,6,7.8,14.7,seek_help,None
77,9,77,24,260.0,49,9,3.4,4,7.48,14.4,rest,HighStress
77,17,77,45,178.0,39,0,3.04,6,7.16,15.1,strengthen_ties,None
77,7,77,25,240.0,58,3.7146145139731406,3.38,3,9.79,19.0,strengthen_ties,None
77,1,77,20,184.0,23,0.3511025313278535,2.94,3,5.17,16.3,work_alone,None
77,4,77,52,274.0,67,0.5,3.42,6,8.08,18.2,attempt_knowledge_share,None
77,8,77,56,259.0,46,3.4384859744653546,4.42,6,6.73,19.9,attempt_collaboration,None
77,6,77,1,195.5,36,10,5.06,5,6.41,11.4,seek_help,HighStress
77,5,77,24,292.0,65,0.5,3.14,5,7.84,32.3,attempt_collaboration,None
77,11,77,32,342.0,91,2.4711444848262127,5.04,5,8.4,23.1,rest,LowEnergy
77,10,77,29,127.0,41,3.4200322377011143,3.66,5,4.94,8.4,work_alone,None
77,19,77,42,171.0,28,0,2.6,5,7.65,8.5,rest,None
77,16,77,42,206.0,43,4.5,4.9,5,6.24,22.1,rest,None
77,14,77,34,77.0,7,3.026225050029126,3.12,5,3.91,3.5,strengthen_ties,None
77,0,77,33,243.0,53,0,4.64,2,8.5,27.6,rest,None
77,2,77,26,205.0,58,4.557015283331092,3.08,5,6.53,20.6,work_alone,None
77,13,77,37,198.0,55,3.2580650515006537,3.94,5,7.09,18.9,rest,None
77,3,77,41,131.0,16,3.0330655888250737,2.9,2,4.57,3.5,attempt_knowledge_share,None
77,15,77,11,236.0,60,7.677946878895661,2.68,6,7.64,14.7,seek_help,LowEnergy
77,18,77,42,391.0,93,0,3.82,8,8.36,25.2,rest,None
77,12,77,18,217.0,27,8.235327004327964,5.38,4,7.28,16.6,seek_help,HighStress_Moderate
78,8,78,49,259.0,46,3.9384859744653546,4.42,6,6.65,19.9,attempt_knowledge_share,None
78,18,78,31,395.0,93,0.25837951507945045,3.82,8,8.36,25.2,work_alone,None
78,13,78,32,198.0,55,3.2580650515006537,3.94,5,7.33,18.9,strengthen_ties,None
78,11,78,20,342.0,90,2.4711444848262127,5.04,5,8.6,25.1,attempt_knowledge_share,None
78,0,78,25,243.0,53,0.5,4.64,2,8.25,27.6,attempt_knowledge_share,None
78,5,78,32,292.0,65,0,3.14,5,7.84,32.3,rest,None
78,1,78,34,184.0,27,0,2.94,3,5.5,16.3,rest,None
78,17,78,33,178.0,39,0.5,3.04,6,7.08,15.1,attempt_collaboration,None
78,19,78,37,171.0,28,0,2.6,5,7.65,8.5,strengthen_ties,None
78,16,78,37,206.0,45,4.0,4.9,5,6.64,22.1,strengthen_ties,None
78,15,78,24,236.0,60,7.677946878895661,2.68,6,7.68,14.7,rest,HighStress
78,3,78,30,131.0,16,3.0330655888250737,2.9,2,5.07,4.5,attempt_knowledge_share,None
78,4,78,43,277.0,67,0.9307585003060304,3.42,6,8.08,18.2,work_alone,None
78,12,78,31,217.0,27,9.235327004327964,5.46,4,7.28,16.7,rest,HighStress
78,6,78,11,195.5,36,9,5.06,5,6.51,11.4,rest,HighStress
78,10,78,43,127.0,41,2.4200322377011143,3.66,5,4.94,8.4,rest,None
78,7,78,43,240.0,58,2.7146145139731406,3.38,3,9.79,19.0,rest,None
78,14,78,20,77.0,7,3.526225050029126,3.12,5,3.81,3.5,attempt_collaboration,None
78,9,78,19,260.0,49,10,3.4,4,7.48,14.4,seek_help,HighStress_Moderate
78,2,78,42,205.0,58,2.5570152833310917,3.08,5,6.63,20.6,rest,None
79,5,79,23,292.0,62,0,3.14,5,8.04,37.8,attempt_knowledge_share,None
79,4,79,38,277.0,67,0.9307585003060304,3.42,6,8.08,18.2,strengthen_ties,None
79,1,79,29,184.0,27,0,2.94,3,5.94,16.3,strengthen_ties,None
79,17,79,28,178.0,39,0.5,3.04,6,7.32,15.1,strengthen_ties,None
79,15,79,19,236.0,60,9.67794687889566,2.68,6,7.51,14.7,seek_help,HighStress_Moderate
79,2,79,34,210.0,58,2.564980206306206,3.08,5,6.67,20.6,work_alone,None
79,18,79,15,395.0,93,0.7583795150794505,3.82,8,8.3,25.2,attempt_collaboration,None
79,12,79,35,217.0,27,6.235327004327964,5.54,4,7.28,16.8,rest,HighStress
79,10,79,31,134.0,42,2.0048740466325663,3.66,5,4.94,8.4,work_alone,None
79,0,79,33,243.0,53,0,4.64,2,8.25,27.6,rest,None
79,14,79,32,77.0,7,0.5262250500291259,3.12,5,3.85,3.5,rest,None
79,7,79,32,243.0,58,2.841666202920475,3.38,3,9.79,19.0,work_alone,None
79,8,79,41,259.0,46,3.9384859744653546,4.42,6,6.65,20.4,attempt_knowledge_share,None
79,3,79,19,135.0,16,3.221480340533603,2.9,2,5.07,4.5,work_alone,None
79,11,79,15,342.0,101,3.9711444848262127,5.04,5,8.67,25.1,seek_help,None
79,16,79,32,206.0,45,4.0,4.9,5,6.64,22.1,strengthen_ties,None
79,13,79,23,202.0,55,3.434092625705077,3.94,5,7.33,18.9,work_alone,None
79,6,79,17,195.5,36,8,5.06,5,6.51,11.4,rest,HighStress
79,9,79,31,260.0,49,9,3.48,4,7.48,14.5,rest,HighStress
79,19,79,29,174.0,28,0.2651903870365059,2.6,5,7.65,8.5,work_alone,None
80,4,80,22,294.0,72,0.9307585003060304,3.42,6,8.08,19.7,attempt_collaboration,None
80,14,80,21,77.0,7,1.026225050029126,3.12,5,3.85,3.5,attempt_collaboration,None
80,9,80,14,260.0,49,9.5,3.48,4,7.36,14.5,attempt_collaboration,HighStress_Moderate
80,11,80,10,342.0,101,7.971144484826213,5.04,5,8.47,25.1,seek_help,LowEnergy
80,2,80,17,210.0,58,3.064980206306206,3.08,5,6.57,20.6,attempt_collaboration,None
80,10,80,18,134.0,42,2.5048740466325663,3.66,5,4.84,8.4,attempt_collaboration,None
80,13,80,40,202.0,55,2.434092625705077,3.94,5,7.33,18.9,rest,None
80,19,80,47,174.0,28,0,2.6,5,7.65,8.5,rest,None
80,3,80,19,135.0,16,6.221480340533603,3.0,2,5.07,5.5,seek_help,LowEnergy
80,7,80,27,243.0,58,2.841666202920475,3.38,3,9.79,19.0,strengthen_ties,None
80,16,80,45,206.0,45,3.0,4.9,5,6.74,22.1,rest,None
80,15,80,9,236.0,61,9.5,2.68,6,7.51,14.7,seek_help,HighStress
80,1,80,24,184.0,27,2,2.94,3,5.61,16.3,seek_help,None
80,18,80,26,395.0,93,1.7583795150794503,3.82,8,8.3,25.2,rest,LowEnergy
80,17,80,46,178.0,39,0,3.04,6,7.32,15.1,rest,None
80,6,80,28,195.5,36,7,5.06,5,6.51,11.4,rest,HighStress
80,12,80,36,234.0,32,5.235327004327964,5.54,5,6.23,18.3,rest,None
80,0,80,18,243.0,53,0.5,4.64,2,8.0,27.6,attempt_collaboration,None
80,5,80,32,292.0,62,0,3.14,5,8.04,37.8,rest,None
80,8,80,33,259.0,46,3.9384859744653546,4.42,7,6.13,20.9,attempt_knowledge_share,None
81,7,81,22,243.0,58,4.841666202920475,3.38,3,9.46,19.0,seek_help,None
81,0,81,13,243.0,53,4.5,4.64,2,7.5,27.6,seek_help,LowEnergy
81,4,81,40,294.0,72,0,3.42,6,8.08,19.7,rest,None
81,9,81,17,260.0,53,9.5,3.48,4,7.36,14.5,rest,HighStress
81,17,81,32,178.0,39,0.5,3.04,6,7.3,15.1,attempt_collaboration,None
81,1,81,34,184.0,27,0,2.94,3,5.61,16.3,rest,None
81,10,81,20,134.0,42,5.504874046632566,3.76,5,4.84,9.4,seek_help,LowEnergy
81,19,81,35,174.0,28,0.5,2.6,5,7.55,8.5,attempt_collaboration,None
81,15,81,16,236.0,61,10,2.68,6,7.51,14.7,rest,HighStress
81,14,81,32,77.0,7,0,3.12,5,3.85,3.5,rest,None
81,6,81,46,195.5,36,4,5.06,5,6.51,11.4,rest,None
81,8,81,23,264.0,46,4.055697306385252,4.42,7,6.13,20.9,work_alone,None
81,16,81,36,209.0,45,3.274899629996766,4.9,5,6.74,22.1,work_alone,None
81,3,81,34,135.0,16,6.221480340533603,3.14,2,5.07,5.6,rest,HighStress_Moderate
81,13,81,35,202.0,55,2.434092625705077,3.94,5,7.59,18.9,strengthen_ties,None
81,2,81,31,210.0,58,2.064980206306206,3.28,5,6.57,20.7,rest,LowEnergy
81,5,81,25,292.0,61,0,3.14,5,8.14,39.8,attempt_knowledge_share,None
81,12,81,20,234.0,32,5.735327004327964,5.54,5,6.13,18.3,attempt_collaboration,None
81,11,81,21,342.0,101,7.971144484826212,5.04,5,8.47,25.1,rest,HighStress
81,18,81,21,395.0,93,3.7583795150794503,3.82,8,8.18,25.2,seek_help,None
82,0,82,8,243.0,53,8.5,4.64,2,7.0,27.6,seek_help,LowEnergy
82,1,82,22,188.0,27,0.3959812855852767,2.94,3,5.61,16.3,work_alone,None
82,9,82,28,260.0,53,10,3.48,4,7.36,14.5,rest,HighStress
82,7,82,17,243.0,58,6.841666202920475,3.38,3,9.13,19.0,seek_help,None
82,14,82,21,81.0,7,0.14960893260203267,3.12,5,3.85,3.5,work_alone,None
82,15,82,24,236.0,61,10,2.68,6,7.51,14.7,rest,HighStress
82,3,82,25,135.0,16,6.721480340533603,3.14,2,5.0,5.6,attempt_knowledge_share,None
82,11,82,36,342.0,101,6.971144484826212,5.18,5,8.47,25.2,rest,HighStress_Moderate
82,8,82,34,264.0,46,2.0556973063852517,4.42,7,6.13,20.9,rest,None
82,12,82,35,234.0,32,4.735327004327964,5.54,5,6.13,18.3,rest,None
82,17,82,21,178.0,39,1.0,3.04,6,7.22,15.1,attempt_collaboration,None
82,2,82,44,210.0,58,0.06498020630620616,3.28,5,6.57,20.7,rest,None
82,4,82,25,294.0,72,0.5,3.42,6,7.99,19.7,attempt_collaboration,None
82,10,82,37,134.0,42,4.504874046632566,3.76,5,4.84,9.4,rest,None
82,6,82,34,195.5,36,4.5,5.06,5,6.41,11.4,attempt_collaboration,None
82,16,82,21,209.0,45,3.774899629996766,4.9,5,6.64,22.1,attempt_collaboration,None
82,18,82,38,395.0,93,2.7583795150794503,3.82,8,8.18,25.2,rest,None
82,13,82,32,216.0,58,0.4340926257050768,3.94,5,7.9,19.8,rest,None
82,5,82,20,292.0,61,2,3.14,5,7.94,39.8,seek_help,None
82,19,82,20,188.0,31,0.5,2.6,5,7.71,9.4,attempt_collaboration,None
83,11,83,24,342.0,96,6.971144484826212,5.18,5,8.77,33.7,attempt_knowledge_share,None
83,2,83,36,210.0,56,0.06498020630620616,3.28,5,6.77,24.2,attempt_knowledge_share,None
83,14,83,29,81.0,7,0,3.12,5,3.85,3.5,rest,None
83,5,83,38,292.0,78,0,3.14,5,8.04,39.8,rest,None
83,10,83,49,134.0,49,1.0048740466325663,3.76,5,5.04,9.4,rest,None
83,6,83,29,195.5,36,4.5,5.06,5,6.71,11.4,strengthen_ties,None
83,17,83,29,201.0,44,0,3.04,6,7.32,16.6,rest,None
83,0,83,1,243.0,53,10,4.64,2,7.75,27.6,seek_help,HighStress
83,7,83,33,243.0,58,7.841666202920475,3.52,3,9.13,19.1,rest,HighStress_Moderate
83,16,83,37,209.0,45,2.774899629996766,4.9,5,6.64,22.1,rest,None
83,12,83,21,234.0,32,5.235327004327964,5.54,5,6.03,18.3,attempt_collaboration,None
83,13,83,25,223.0,58,0.9015533045097867,3.94,5,7.9,19.8,work_alone,None
83,15,83,14,236.0,61,10,2.68,6,7.34,14.7,seek_help,HighStress
83,3,83,34,135.0,16,5.721480340533603,3.14,2,5.0,5.6,rest,None
83,9,83,34,260.0,53,8,3.56,4,7.36,14.6,rest,HighStress
83,4,83,38,294.0,72,0,3.42,6,7.99,19.7,rest,None
83,1,83,31,188.0,27,0,2.94,3,5.61,16.3,rest,None
83,19,83,15,188.0,31,2.5,2.6,5,7.51,9.4,seek_help,None
83,18,83,26,418.0,98,2.7583795150794503,3.82,8,8.29,26.7,attempt_collaboration,None
83,8,83,27,267.0,46,2.445982710919513,4.42,7,6.13,20.9,work_alone,None
84,19,84,16,188.0,31,5.5,2.7,5,7.51,10.4,seek_help,LowEnergy
84,13,84,31,223.0,58,0,3.94,5,7.9,19.8,rest,None
84,7,84,20,243.0,58,8.341666202920475,3.52,3,8.96,19.1,attempt_collaboration,HighStress_Moderate
84,5,84,33,292.0,78,0,3.14,5,8.17,39.8,strengthen_ties,None
84,8,84,43,267.0,46,1.445982710919513,4.42,7,6.13,20.9,rest,None
84,3,84,45,135.0,16,3.7214803405336028,3.14,2,5.0,5.6,rest,None
84,17,84,37,201.0,54,-0.5,3.04,6,7.49,16.6,rest,None
84,1,84,14,188.0,27,1,2.94,3,5.28,16.3,attempt_collaboration,None
84,14,84,46,81.0,7,0,3.12,5,3.85,3.5,rest,None
84,4,84,29,294.0,69,0,3.42,6,8.2,24.7,attempt_knowledge_share,None
84,9,84,37,260.0,53,8,3.7,4,7.23,14.7,rest,HighStress_Moderate
84,18,84,26,438.0,101,0.7583795150794503,3.82,8,8.54,27.6,rest,None
84,2,84,20,230.0,59,0.06498020630620616,3.28,5,6.77,25.1,attempt_collaboration,None
84,12,84,30,234.0,32,4.235327004327964,5.54,5,6.03,18.3,rest,None
84,11,84,32,342.0,96,4.971144484826212,5.18,5,8.77,33.7,rest,None
84,10,84,37,140.0,49,1.0450787189111344,3.76,5,5.04,9.4,work_alone,None
84,15,84,17,236.0,61,9,2.68,6,7.34,14.7,rest,HighStress
84,6,84,38,195.5,36,2.5,5.06,5,6.71,11.4,rest,None
84,16,84,28,217.0,45,3.0766738518429633,4.9,5,6.64,22.1,work_alone,None
84,0,84,8,243.0,53,10,4.64,2,7.75,27.6,rest,HighStress
85,6,85,27,201.5,36,2.5588375899697735,5.06,5,6.71,11.4,work_alone,None
85,1,85,27,188.0,27,0,2.94,3,5.28,16.3,rest,LowEnergy
85,15,85,28,236.0,61,9,2.68,6,7.34,14.7,rest,HighStress
85,13,85,15,223.0,58,0.5,3.94,5,7.8,19.8,attempt_collaboration,None
85,7,85,15,243.0,58,10,3.52,3,8.63,19.1,seek_help,HighStress_Moderate
85,2,85,15,230.0,59,1.0649802063062062,3.28,5,6.77,25.1,seek_help,None
85,10,85,27,140.0,49,1.5450787189111344,3.76,5,4.94,9.4,attempt_knowledge_share,None
85,0,85,1,243.0,53,10,4.64,2,8.5,27.6,seek_help,HighStress
85,3,85,40,135.0,16,3.7214803405336028,3.14,2,5.0,5.6,strengthen_ties,None
85,16,85,39,217.0,45,0.07667385184296327,4.9,5,6.74,22.1,rest,None
85,19,85,24,188.0,31,6.5,2.7,5,7.55,10.4,rest,HighStress_Moderate
85,8,85,57,267.0,46,0,4.42,7,6.17,20.9,rest,None
85,12,85,25,234.0,32,4.235327004327964,5.54,5,6.18,18.3,strengthen_ties,None
85,17,85,30,208.0,54,0,3.04,6,7.49,16.6,work_alone,None
85,11,85,27,342.0,96,4.971144484826212,5.18,5,8.77,33.7,strengthen_ties,None
85,18,85,36,438.0,101,0,3.82,8,8.57,27.6,rest,None
85,9,85,47,260.0,53,7,3.84,4,7.23,14.8,rest,HighStress_Moderate
85,5,85,25,299.0,78,0.4532933364126902,3.14,5,8.17,39.8,work_alone,None
85,14,85,41,81.0,7,0,3.12,5,4.01,3.5,strengthen_ties,None
85,4,85,24,294.0,69,2,3.42,6,8.04,24.7,seek_help,None
86,14,86,34,87.0,7,0.23894778871934574,3.12,5,4.01,3.5,work_alone,None
86,3,86,28,135.0,16,4.221480340533603,3.14,2,5.0,5.6,attempt_knowledge_share,None
86,15,86,41,236.0,61,7,2.82,6,7.36,14.8,rest,HighStress_Moderate
86,1,86,37,188.0,27,0,2.94,3,5.28,16.3,rest,None
86,4,86,19,294.0,69,4,3.42,6,7.87,24.7,seek_help,None
86,5,86,20,299.0,78,2.45329333641269,3.14,5,7.97,39.8,seek_help,None
86,16,86,34,217.0,45,0.07667385184296327,4.9,5,6.74,22.1,strengthen_ties,None
86,12,86,36,234.0,32,2.2353270043279636,5.54,5,6.18,18.3,rest,None
86,13,86,25,223.0,58,0,3.94,5,7.8,19.8,rest,LowEnergy
86,19,86,42,188.0,31,3.5,2.7,5,7.55,10.4,rest,None
86,18,86,48,438.0,101,0,3.82,8,8.57,27.6,rest,None
86,11,86,22,342.0,96,6.971144484826212,5.18,5,8.67,33.7,seek_help,None
86,17,86,39,208.0,54,0,3.04,6,7.49,16.6,rest,None
86,0,86,1,243.0,53,10,4.64,2,8.5,27.6,seek_help,HighStress
86,9,86,38,260.0,53,7.5,3.84,4,7.11,14.8,attempt_knowledge_share,None
86,2,86,29,230.0,59,2.064980206306206,3.28,5,6.83,25.1,rest,LowEnergy
86,7,86,27,243.0,58,10,3.52,3,8.63,19.1,rest,HighStress
86,10,86,42,140.0,49,0.5450787189111344,3.76,5,4.94,9.4,rest,None
86,8,86,52,267.0,46,0,4.42,7,6.29,20.9,strengthen_ties,None
86,6,86,43,201.5,36,0.5588375899697735,5.06,5,6.71,11.4,rest,None
87,8,87,30,279.0,50,0,4.42,7,6.72,26.7,attempt_knowledge_share,None
87,18,87,27,459.0,104,0.23911876175951546,3.82,8,8.8,28.5,work_alone,None
87,14,87,50,87.0,7,0,3.12,5,4.01,3.5,rest,None
87,12,87,29,242.0,32,2.4352508363729206,5.54,5,6.18,18.3,work_alone,None
87,19,87,28,198.0,36,3.5,2.7,5,7.95,11.9,attempt_collaboration,None
87,15,87,36,236.0,69,6.5,2.82,6,7.63,14.8,strengthen_ties,None
87,13,87,43,223.0,58,0,3.94,5,7.8,19.8,rest,None
87,11,87,37,342.0,96,4.971144484826212,5.18,5,8.77,33.7,rest,None
87,10,87,17,166.0,57,0.5450787189111344,3.76,5,5.74,11.8,attempt_collaboration,None
87,17,87,52,208.0,54,0,3.04,6,7.54,16.6,rest,None
87,1,87,50,188.0,27,0,2.94,3,5.28,16.3,rest,None
87,9,87,25,272.0,59,7.5,3.84,4,7.5,16.6,attempt_collaboration,HighStress_Moderate
87,7,87,39,243.0,58,7,3.6,3,8.63,19.2,rest,HighStress
87,6,87,33,201.5,36,1.0588375899697735,5.06,5,6.61,11.4,attempt_collaboration,None
87,5,87,28,299.0,78,0.4532933364126901,3.14,5,7.97,39.8,rest,None
87,4,87,30,294.0,69,4,3.42,6,7.87,24.7,rest,LowEnergy
87,16,87,26,217.0,45,0.5766738518429633,4.9,5,6.64,22.1,attempt_knowledge_share,None
87,3,87,46,135.0,16,3.2214803405336028,3.14,2,5.0,5.6,rest,None
87,0,87,1,243.0,53,10,4.64,2,8.5,27.6,seek_help,HighStress
87,2,87,24,230.0,59,4.064980206306206,3.28,5,6.63,25.1,seek_help,None
88,0,88,1,243.0,53,10,4.64,2,8.5,27.6,seek_help,HighStress
88,18,88,22,459.0,104,2.2391187617595154,3.82,8,8.69,28.5,seek_help,None
88,11,88,25,348.0,99,4.560004550233489,5.18,5,8.97,33.7,work_alone,None
88,8,88,25,279.0,50,0,4.42,7,6.82,26.7,strengthen_ties,None
88,15,88,31,236.0,69,6.5,2.82,6,7.82,14.8,strengthen_ties,None
88,19,88,44,198.0,36,1.5,2.7,5,7.95,11.9,rest,None
88,13,88,61,223.0,58,0,3.94,5,7.8,19.8,rest,None
88,12,88,46,242.0,32,0,5.54,5,6.25,18.3,rest,None
88,17,88,64,208.0,54,0,3.04,6,7.54,16.6,rest,None
88,2,88,35,230.0,59,1.0649802063062062,3.28,5,6.63,25.1,rest,None
88,14,88,45,87.0,7,0,3.12,5,4.2,3.5,strengthen_ties,None
88,6,88,26,208.5,36,1.2483039138827183,5.06,5,6.61,11.4,work_alone,None
88,10,88,30,166.0,57,0,3.76,5,5.74,11.8,rest,LowEnergy
88,3,88,55,135.0,16,0.22148034053360277,3.14,2,5.0,5.6,rest,None
88,5,88,23,299.0,83,1.95329333641269,3.14,5,7.97,39.8,seek_help,None
88,7,88,30,247.0,58,7.125594359054136,3.6,3,8.63,19.2,work_alone,None
88,4,88,23,294.0,68,4,3.42,6,8.04,27.2,attempt_knowledge_share,None
88,9,88,39,272.0,59,4.5,3.98,4,7.5,16.7,rest,HighStress_Moderate
88,16,88,42,217.0,45,0,4.9,5,6.64,22.1,rest,None
88,1,88,38,188.0,27,0,2.94,3,5.61,17.8,attempt_knowledge_share,None
89,5,89,31,299.0,83,0,3.14,5,7.97,39.8,rest,None
89,11,89,18,365.0,103,3.560004550233489,5.18,5,9.22,34.9,rest,None
89,14,89,37,91.0,7,0.33047582126515423,3.12,5,4.2,3.5,work_alone,None
89,7,89,23,251.9,58,7.36195656253213,3.6,3,8.63,19.2,work_alone,HighStress_Moderate
89,0,89,1,243.0,53,10,4.64,2,8.5,27.6,seek_help,HighStress
89,1,89,28,192.0,27,0.39974381418079513,2.94,3,5.67,17.8,work_alone,None
89,17,89,59,208.0,54,0,3.04,6,7.72,16.6,strengthen_ties,None
89,19,89,36,203.0,36,1.6773704235188167,2.7,5,7.95,11.9,work_alone,None
89,10,89,20,166.0,57,0,3.76,5,5.74,12.8,attempt_knowledge_share,None
89,3,89,43,138.0,16,0.3649892451613644,3.14,2,5.0,5.6,work_alone,None
89,13,89,50,230.0,58,0.3814685170994635,3.94,5,7.86,19.8,work_alone,None
89,4,89,33,294.0,68,3,3.42,6,8.12,27.2,rest,None
89,18,89,17,459.0,111,3.2391187617595154,3.82,8,8.81,28.5,seek_help,None
89,2,89,25,230.0,58,1.0649802063062062,3.28,5,6.83,28.1,attempt_knowledge_share,None
89,9,89,32,272.0,59,4.5,3.98,4,7.5,17.2,attempt_knowledge_share,None
89,15,89,26,236.0,69,6.5,2.82,6,7.96,14.8,strengthen_ties,None
89,6,89,41,208.5,36,0,5.06,5,6.61,11.4,rest,None
89,8,89,20,279.0,52,0.5,4.42,7,6.82,26.7,seek_help,None
89,16,89,28,234.0,49,0,4.9,5,6.64,23.3,attempt_collaboration,None
89,12,89,41,242.0,32,0,5.54,5,6.44,18.3,strengthen_ties,None
90,9,90,40,272.0,59,1.5,3.98,4,7.5,17.2,rest,None
90,6,90,36,208.5,36,0,5.06,5,6.71,11.4,strengthen_ties,None
90,7,90,18,251.9,58,8.36195656253213,3.6,3,8.96,19.2,seek_help,HighStress_Moderate
90,19,90,31,203.0,36,1.6773704235188167,2.7,5,8.08,11.9,strengthen_ties,None
90,12,90,36,242.0,32,0,5.54,5,6.57,18.3,strengthen_ties,None
90,10,90,28,166.0,57,0,3.76,5,5.74,12.8,rest,None
90,17,90,47,208.0,54,0.5,3.04,6,7.66,16.6,attempt_knowledge_share,None
90,14,90,27,96.0,7,0.3850266241140998,3.12,4,5.3,3.5,work_alone,None
90,1,90,23,192.0,27,2.399743814180795,2.94,3,5.34,17.8,seek_help,None
90,16,90,44,234.0,50,-0.5,4.9,5,6.7,23.3,rest,None
90,13,90,35,253.0,61,0.3814685170994635,3.94,5,7.86,20.7,attempt_collaboration,None
90,15,90,38,236.0,69,4.5,2.82,6,7.96,14.8,rest,None
90,4,90,22,299.0,68,3.238866451176585,3.42,6,8.12,27.2,work_alone,None
90,11,90,26,365.0,103,4.560004550233489,5.18,5,9.27,34.9,rest,LowEnergy
90,0,90,1,243.0,53,10,4.64,2,8.5,27.6,seek_help,HighStress
90,8,90,34,279.0,52,0,4.42,7,6.82,26.7,rest,None
90,2,90,36,230.0,58,0,3.28,5,6.83,28.1,rest,None
90,3,90,35,138.0,16,0.3649892451613644,3.14,2,5.0,6.1,attempt_knowledge_share,None
90,5,90,11,322.0,86,4,3.14,5,8.07,40.7,seek_help,LowEnergy
90,18,90,29,459.0,111,2.2391187617595154,3.82,8,8.81,28.5,rest,LowEnergy
91,2,91,24,230.0,58,1,3.28,5,6.63,28.1,attempt_collaboration,None
91,11,91,38,365.0,103,2.560004550233489,5.18,5,9.27,34.9,rest,None
91,12,91,34,242.0,33,-0.5,5.54,5,6.57,18.3,rest,None
91,9,91,33,272.0,59,2.0,3.98,4,7.38,17.2,attempt_knowledge_share,None
91,17,91,39,211.0,54,0.9277900802780983,3.04,6,7.66,16.6,work_alone,None
91,8,91,24,279.0,52,0,4.42,7,6.97,27.2,attempt_knowledge_share,None
91,16,91,37,234.0,50,0,4.9,5,6.6,23.3,attempt_knowledge_share,None
91,7,91,21,251.9,58,9.36195656253213,3.6,3,8.96,19.2,rest,HighStress
91,1,91,40,192.0,27,1.3997438141807952,2.94,3,5.34,17.8,rest,None
91,4,91,33,299.0,68,2.238866451176585,3.42,6,8.12,27.2,rest,None
91,0,91,1,243.0,53,10,4.64,2,8.58,27.6,seek_help,HighStress
91,19,91,19,203.0,36,2.1773704235188167,2.7,5,7.98,11.9,attempt_collaboration,None
91,3,91,52,138.0,16,0,3.14,2,5.0,6.1,rest,None
91,13,91,30,253.0,61,0.3814685170994635,3.94,5,7.97,20.7,strengthen_ties,None
91,14,91,39,96.0,7,0,3.12,4,5.3,3.5,rest,None
91,15,91,25,236.0,69,5.0,2.82,6,7.88,14.8,attempt_collaboration,None
91,5,91,22,322.0,86,4,3.14,5,8.07,40.7,rest,LowEnergy
91,18,91,40,459.0,115,0.7391187617595154,3.82,8,8.88,28.5,rest,None
91,6,91,27,208.5,35,0,5.06,5,6.81,13.4,attempt_knowledge_share,None
91,10,91,46,166.0,57,0,3.76,5,5.74,12.8,rest,None
92,9,92,20,272.0,59,2.5,3.98,4,7.38,17.2,attempt_collaboration,None
92,8,92,34,279.0,52,0,4.42,7,6.97,27.2,rest,None
92,7,92,11,251.9,58,10,3.6,3,8.96,19.2,seek_help,HighStress
92,3,92,63,138.0,16,0,3.14,2,5.0,6.1,rest,None
92,18,92,27,470.0,121,0.7391187617595154,3.82,8,9.0,30.3,attempt_collaboration,None
92,14,92,25,96.0,7,0.5,3.12,4,5.18,3.5,attempt_collaboration,None
92,0,92,8,243.0,53,10,4.64,2,8.58,27.6,rest,HighStress
92,15,92,40,236.0,69,3.0,2.82,6,7.88,14.8,rest,None
92,17,92,27,216.0,54,1.184687153980264,3.04,6,7.66,16.6,work_alone,None
92,16,92,25,238.0,50,0.03113311913286637,4.9,5,6.6,23.3,work_alone,None
92,11,92,33,365.0,103,2.560004550233489,5.18,5,9.39,34.9,strengthen_ties,None
92,19,92,31,203.0,36,2.1773704235188163,2.9,5,7.98,12.0,rest,LowEnergy
92,10,92,21,177.0,63,0.5,3.76,5,5.84,14.6,attempt_collaboration,None
92,5,92,36,322.0,86,1,3.14,5,8.17,40.7,rest,None
92,4,92,24,307.0,68,2.602061154656737,3.42,6,8.12,27.2,work_alone,None
92,13,92,47,253.0,61,0,3.94,5,7.97,20.7,rest,None
92,6,92,42,208.5,35,0,5.06,5,6.81,13.4,rest,None
92,1,92,32,198.0,27,1.48034285276176,2.94,3,5.34,17.8,work_alone,None
92,12,92,23,245.0,33,0,5.54,5,6.57,18.3,work_alone,None
92,2,92,36,230.0,58,0,3.28,5,6.63,28.1,rest,None
93,13,93,35,277.0,64,0,3.94,5,8.26,21.6,attempt_collaboration,None
93,7,93,23,251.9,58,10,3.6,3,8.96,19.2,rest,HighStress
93,12,93,18,245.0,33,1,5.54,5,6.57,18.3,seek_help,None
93,1,93,24,198.0,27,1.98034285276176,2.94,3,5.17,17.8,attempt_knowledge_share,None
93,19,93,26,203.0,36,2.1773704235188163,2.9,5,7.98,12.0,strengthen_ties,None
93,0,93,1,243.0,53,10,4.64,2,8.58,27.6,seek_help,HighStress
93,6,93,41,232.5,38,0,5.06,5,7.21,14.3,rest,None
93,15,93,30,236.0,66,3.0,2.82,6,8.05,20.3,attempt_knowledge_share,None
93,3,93,58,138.0,16,0,3.14,2,5.0,6.1,strengthen_ties,None
93,5,93,23,344.0,92,1,3.14,5,8.37,42.5,attempt_collaboration,None
93,16,93,20,238.0,59,1.5311331191328663,4.9,5,6.63,23.3,seek_help,None
93,9,93,32,272.0,59,0.5,3.98,4,7.38,17.2,rest,None
93,14,93,38,96.0,7,0,3.12,4,5.18,3.5,rest,None
93,2,93,44,230.0,58,0,3.28,5,6.63,28.1,rest,None
93,8,93,26,279.0,61,0,4.42,7,7.11,31.7,attempt_knowledge_share,None
93,17,93,44,216.0,54,0,3.04,6,7.66,16.6,rest,None
93,11,93,38,387.0,109,1.5600045502334892,5.18,5,9.47,36.7,rest,None
93,18,93,43,470.0,121,0,3.82,8,9.0,30.3,rest,None
93,10,93,31,177.0,63,0,3.76,5,5.84,14.6,rest,None
93,4,93,19,307.0,68,4.602061154656737,3.42,6,7.95,27.2,seek_help,None
94,9,94,18,272.0,59,1.0,3.98,4,7.25,17.2,attempt_collaboration,None
94,11,94,26,387.0,109,2.060004550233489,5.18,5,9.37,36.7,attempt_collaboration,None
94,19,94,21,203.0,36,3.1773704235188163,2.9,5,7.98,12.0,seek_help,None
94,15,94,23,236.0,65,3.0,2.82,6,8.21,22.3,attempt_knowledge_share,None
94,10,94,26,177.0,63,0,3.76,5,5.84,14.6,strengthen_ties,None
94,2,94,32,236.0,58,0.44017289581070684,3.28,5,6.63,28.1,work_alone,None
94,14,94,23,115.0,11,0,3.12,4,5.59,4.7,attempt_collaboration,None
94,16,94,15,238.0,59,2.5311331191328663,4.9,5,6.63,23.3,seek_help,None
94,17,94,51,235.0,58,0,3.04,6,7.89,17.8,rest,None
94,12,94,34,245.0,33,1,5.74,5,6.57,18.4,rest,LowEnergy
94,18,94,34,477.0,121,0.29115289053201576,3.82,8,9.0,30.3,work_alone,None
94,4,94,36,307.0,68,3.602061154656737,3.62,6,7.95,27.3,rest,LowEnergy
94,7,94,34,251.9,58,8,3.68,3,8.96,19.3,rest,HighStress
94,5,94,33,344.0,92,0,3.14,5,8.37,42.5,rest,None
94,3,94,48,138.0,16,0.5,3.14,2,4.75,6.1,attempt_collaboration,None
94,8,94,38,279.0,65,0,4.42,7,7.11,31.7,rest,None
94,6,94,59,232.5,38,0,5.06,5,7.21,14.3,rest,None
94,0,94,1,243.0,53,10,4.64,2,8.58,27.6,seek_help,HighStress
94,13,94,26,284.0,64,0.3329675277015045,3.94,5,8.26,21.6,work_alone,None
94,1,94,19,198.0,27,3.98034285276176,2.94,3,4.84,17.8,seek_help,None
95,10,95,36,177.0,63,0,3.76,5,5.84,14.6,rest,None
95,9,95,13,272.0,59,5.0,3.98,4,7.0,17.2,seek_help,LowEnergy
95,1,95,28,198.0,27,3.98034285276176,2.94,3,4.84,17.8,rest,LowEnergy
95,18,95,19,477.0,121,0.7911528905320158,3.82,8,8.94,30.3,attempt_collaboration,None
95,14,95,18,115.0,11,1,3.12,4,5.59,4.7,seek_help,None
95,2,95,47,236.0,58,0,3.28,5,6.63,28.1,rest,None
95,7,95,22,251.9,58,8.5,3.68,3,8.79,19.3,attempt_knowledge_share,HighStress_Moderate
95,16,95,18,238.0,59,5.531133119132866,5.0,5,6.63,24.3,seek_help,LowEnergy
95,11,95,17,387.0,109,4.060004550233489,5.18,5,9.17,36.7,seek_help,None
95,12,95,47,245.0,33,0,5.74,5,6.57,18.4,rest,None
95,19,95,35,203.0,36,0.17737042351881627,2.9,5,7.98,12.0,rest,None
95,15,95,18,236.0,65,4.0,2.82,6,8.34,22.3,seek_help,None
95,6,95,34,255.5,42,0,5.06,5,7.71,15.5,attempt_collaboration,None
95,4,95,24,320.0,77,3.102061154656737,3.62,6,8.45,27.9,attempt_collaboration,None
95,13,95,44,284.0,64,0,3.94,5,8.26,21.6,rest,None
95,3,95,35,138.0,16,1.0,3.14,2,4.75,6.1,attempt_collaboration,None
95,17,95,36,245.0,60,0,3.04,6,7.89,18.4,strengthen_ties,None
95,8,95,26,285.0,65,0.05480978133604242,4.42,7,7.11,31.7,work_alone,None
95,0,95,5,243.0,53,10,4.64,2,8.58,27.6,rest,HighStress
95,5,95,24,344.0,90,0,3.14,5,8.57,46.0,attempt_knowledge_share,None
96,7,96,39,251.9,58,6.5,3.82,3,8.79,19.4,rest,HighStress_Moderate
96,15,96,27,236.0,65,5.0,2.82,6,8.34,22.3,rest,LowEnergy
96,14,96,26,115.0,11,0,3.12,4,5.59,4.7,rest,LowEnergy
96,18,96,31,477.0,121,0,4.02,8,8.94,30.4,rest,LowEnergy
96,6,96,26,261.5,42,0.08852328312386426,5.06,5,7.71,15.5,work_alone,None
96,11,96,12,387.0,109,8.06000455023349,5.18,5,8.97,36.7,seek_help,LowEnergy
96,2,96,40,243.0,61,-0.19775101417232638,3.28,5,6.88,28.1,work_alone,None
96,9,96,25,272.0,59,6.0,3.98,4,7.0,17.2,rest,LowEnergy
96,13,96,35,284.0,63,0,3.94,5,8.26,23.6,attempt_knowledge_share,None
96,16,96,13,238.0,59,9.531133119132866,5.0,5,6.43,24.3,seek_help,HighStress_Moderate
96,3,96,27,143.0,16,1.2534692145543307,3.14,2,4.75,6.1,work_alone,None
96,17,96,27,248.0,60,0.05192581572579641,3.04,6,7.89,18.4,work_alone,None
96,5,96,19,344.0,90,2,3.14,5,8.37,46.0,seek_help,None
96,1,96,45,198.0,27,1.9803428527617601,2.94,3,4.84,17.8,rest,None
96,4,96,19,320.0,77,5.102061154656737,3.62,6,8.28,27.9,seek_help,None
96,10,96,28,177.0,63,0,3.76,5,6.04,16.1,attempt_knowledge_share,None
96,12,96,42,245.0,33,0,5.74,5,6.75,18.4,strengthen_ties,None
96,0,96,11,243.0,53,10,4.64,2,8.58,27.6,rest,HighStress
96,8,96,43,285.0,65,0,4.42,7,7.11,31.7,rest,None
96,19,96,50,203.0,40,0,2.9,5,7.98,12.0,rest,None
97,10,97,36,177.0,63,0,3.76,5,6.04,16.1,rest,None
97,15,97,22,236.0,65,6.0,2.82,6,8.34,22.3,seek_help,None
97,18,97,21,484.0,121,0.29828574511286987,4.02,8,8.94,30.4,work_alone,None
97,12,97,32,252.0,33,0.01856484296519284,5.74,5,6.75,18.4,work_alone,None
97,16,97,3,238.0,59,10,5.0,5,6.23,24.3,seek_help,HighStress
97,9,97,37,272.0,59,3.0,3.98,4,7.0,17.2,rest,None
97,5,97,14,344.0,90,6,3.14,5,8.17,46.0,seek_help,LowEnergy
97,2,97,29,243.0,61,0.3022489858276736,3.28,5,6.78,28.1,attempt_knowledge_share,None
97,14,97,36,115.0,11,0,3.12,4,5.59,4.7,rest,None
97,4,97,14,320.0,77,9.102061154656738,3.62,6,8.11,27.9,seek_help,HighStress_Moderate
97,0,97,1,243.0,53,10,4.64,2,8.58,27.6,seek_help,HighStress
97,3,97,22,143.0,16,3.2534692145543307,3.14,2,4.25,6.1,seek_help,None
97,6,97,37,261.5,42,0,5.06,5,7.71,15.5,rest,None
97,13,97,24,288.0,63,0.2129493475818789,3.94,5,8.26,23.6,work_alone,None
97,8,97,32,291.0,65,0.2016883133814657,4.42,7,7.11,31.7,work_alone,None
97,1,97,33,198.0,27,2.48034285276176,2.94,3,4.67,17.8,attempt_collaboration,None
97,11,97,25,387.0,109,8.06000455023349,5.18,5,9.07,36.7,rest,HighStress
97,17,97,22,248.0,60,2.0519258157257965,3.04,6,7.72,18.4,seek_help,None
97,19,97,39,203.0,40,0.5,2.9,5,7.88,12.0,attempt_collaboration,None
97,7,97,25,251.9,58,7.0,3.82,3,8.63,19.4,attempt_collaboration,None
98,16,98,10,238.0,59,10,5.0,5,6.23,24.3,rest,HighStress
98,6,98,27,261.5,41,0,5.06,5,7.71,17.5,attempt_knowledge_share,None
98,12,98,24,252.0,33,0.01856484296519284,5.74,5,6.95,18.9,attempt_knowledge_share,None
98,1,98,47,198.0,27,0,2.94,3,4.67,17.8,rest,None
98,8,98,21,307.0,69,0.2016883133814657,4.42,7,7.11,32.9,attempt_collaboration,None
98,15,98,37,236.0,65,3.0,2.82,6,8.34,22.3,rest,None
98,11,98,43,387.0,109,7.06000455023349,5.32,5,9.07,36.8,rest,HighStress_Moderate
98,7,98,40,251.9,58,5.0,3.82,3,8.63,19.4,rest,None
98,9,98,53,272.0,59,1.0,3.98,4,7.0,17.2,rest,None
98,0,98,9,243.0,53,10,4.64,2,8.58,27.6,rest,HighStress
98,19,98,29,210.0,42,0.2467073352739496,2.9,5,8.08,12.0,work_alone,None
98,3,98,32,143.0,16,2.2534692145543307,3.14,2,4.25,6.1,rest,None
98,2,98,24,243.0,62,1.8022489858276736,3.28,5,6.78,28.1,seek_help,None
98,10,98,36,193.0,67,0,3.76,5,6.04,17.3,rest,None
98,4,98,4,320.0,77,10,3.62,6,7.95,27.9,seek_help,HighStress
98,5,98,26,344.0,90,5,3.14,5,8.17,46.0,rest,HighStress_Moderate
98,18,98,30,484.0,121,0,4.02,8,8.94,30.4,rest,None
98,14,98,27,115.0,11,0,3.12,4,5.84,5.7,attempt_knowledge_share,None
98,13,98,38,288.0,63,0,3.94,5,8.26,23.6,rest,None
98,17,98,32,248.0,64,0,3.04,6,7.72,18.4,rest,None
99,6,99,42,261.5,41,0,5.06,5,7.71,17.5,rest,None
99,16,99,18,238.0,59,9,5.0,5,6.23,24.3,rest,HighStress
99,14,99,42,115.0,11,0,3.12,4,5.84,5.7,rest,None
99,15,99,27,244.0,65,3.2400275857372147,2.82,6,8.34,22.3,work_alone,None
99,1,99,37,204.0,27,0.1448936286074321,2.94,3,4.75,17.8,work_alone,None
99,8,99,16,307.0,69,2.2016883133814655,4.42,7,6.97,32.9,seek_help,None
99,13,99,50,288.0,63,0,3.94,5,8.26,23.6,rest,None
99,19,99,40,210.0,42,0,2.9,5,8.08,12.0,rest,None
99,11,99,30,387.0,109,7.56000455023349,5.32,5,8.97,36.8,attempt_collaboration,HighStress_Moderate
99,5,99,40,344.0,90,2,3.14,5,8.17,46.0,rest,None
99,2,99,37,243.0,62,0.8022489858276736,3.28,5,6.78,28.1,rest,None
99,7,99,29,254.9,58,5.159362321351308,3.82,3,8.63,19.4,work_alone,None
99,12,99,40,252.0,33,0,5.74,5,6.95,18.9,rest,None
99,9,99,48,272.0,59,1.0,3.98,4,7.31,17.2,strengthen_ties,None
99,0,99,12,243.0,53,9,4.64,2,8.58,27.6,rest,HighStress
99,17,99,23,248.0,64,0.5,3.04,6,7.64,18.4,attempt_knowledge_share,None
99,3,99,24,148.0,16,2.4046864597696738,3.14,2,4.25,6.1,work_alone,None
99,10,99,31,193.0,67,0,3.76,5,6.04,17.3,strengthen_ties,None
99,18,99,19,487.0,121,0.48398565446829495,4.02,8,8.94,30.4,work_alone,None
99,4,99,1,320.0,77,10,3.62,6,7.78,27.9,seek_help,HighStress
100,18,100,14,487.0,121,4.483985654468295,4.02,8,8.81,30.4,seek_help,LowEnergy
100,9,100,36,279.0,59,1.143787882997769,3.98,4,7.31,17.2,work_alone,None
100,3,100,19,148.0,16,4.404686459769674,3.14,2,3.75,6.1,seek_help,None
100,4,100,6,320.0,77,10,3.62,6,7.78,27.9,rest,HighStress
100,15,100,22,244.0,65,5.240027585737215,2.82,6,8.17,22.3,seek_help,None
100,12,100,28,252.0,32,0,5.74,5,7.15,20.9,attempt_knowledge_share,None
100,8,100,34,307.0,69,1.2016883133814655,4.62,7,6.97,33.0,rest,LowEnergy
100,11,100,34,404.0,114,6.56000455023349,5.46,5,9.37,38.4,rest,HighStress_Moderate
100,14,100,35,118.0,11,0.36174124348460013,3.12,4,5.84,5.7,work_alone,None
100,17,100,18,248.0,64,1.5,3.04,6,7.64,18.4,seek_help,None
100,10,100,26,193.0,67,0,3.76,5,6.26,17.3,strengthen_ties,None
100,19,100,24,235.0,44,0,2.9,5,8.32,12.6,strengthen_ties,None
100,1,100,27,221.0,32,0.1448936286074321,2.94,3,5.42,19.3,attempt_collaboration,None
100,6,100,35,261.5,41,0.5,5.06,4,9.38,17.5,attempt_knowledge_share,None
100,7,100,40,254.9,58,2.159362321351308,3.82,3,8.63,19.4,rest,None
100,0,100,15,243.0,53,8,4.64,2,8.58,27.6,rest,HighStress
100,13,100,34,313.0,65,0,3.94,5,8.26,24.2,attempt_collaboration,None
100,16,100,21,238.0,59,9,5.0,5,6.23,24.3,rest,HighStress
100,5,100,31,344.0,90,2.5,3.14,5,8.07,46.0,attempt_knowledge_share,None
100,2,100,30,248.0,66,0.3042428277143969,3.28,5,6.98,28.1,work_alone,None
101,9,101,24,287.0,59,1.240570971279421,3.98,4,7.31,17.2,work_alone,None
101,13,101,23,319.0,65,0.35262374811127817,3.94,5,8.26,24.2,work_alone,None
101,15,101,32,244.0,65,2.2400275857372147,2.82,6,8.17,22.3,rest,None
101,1,101,42,221.0,32,0,2.94,3,5.42,19.3,rest,None
101,4,101,15,320.0,77,9,3.62,6,7.78,27.9,rest,HighStress
101,19,101,36,235.0,44,0,2.9,5,8.32,12.6,rest,None
101,14,101,50,118.0,11,0,3.12,4,5.84,5.7,rest,None
101,11,101,27,411.0,114,6.976977287779818,5.46,5,9.47,38.4,work_alone,None
101,0,101,5,243.0,53,10,4.64,2,8.58,27.6,seek_help,HighStress
101,8,101,18,307.0,69,1.7016883133814655,4.62,7,6.9,33.0,attempt_collaboration,None
101,7,101,32,261.9,58,2.5476573136730374,3.82,3,8.63,19.4,work_alone,None
101,18,101,27,487.0,121,4.483985654468295,4.02,8,8.81,30.4,rest,LowEnergy
101,10,101,34,193.0,67,0,3.76,5,6.26,17.3,rest,None
101,16,101,37,238.0,59,6,5.14,5,6.23,24.4,rest,HighStress_Moderate
101,17,101,36,248.0,64,0.5,3.24,6,7.64,18.5,rest,LowEnergy
101,2,101,23,255.0,66,0.5652398784614389,3.28,5,6.98,28.1,work_alone,None
101,6,101,20,261.5,41,1.0,5.06,4,9.26,17.5,attempt_collaboration,None
101,3,101,35,148.0,16,5.404686459769674,3.34,2,3.75,6.2,rest,LowEnergy
101,12,101,46,252.0,32,0,5.74,5,7.15,20.9,rest,None
101,5,101,23,344.0,90,3.0,3.14,5,7.97,46.0,attempt_knowledge_share,None
102,6,102,15,261.5,41,2.0,5.06,4,9.26,17.5,seek_help,None
102,17,102,24,252.0,64,0.524188562016871,3.24,6,7.64,18.5,work_alone,None
102,15,102,25,252.0,65,2.540251198816083,2.82,6,8.17,22.3,work_alone,None
102,1,102,37,221.0,32,0,2.94,3,5.81,19.3,strengthen_ties,None
102,12,102,35,255.0,32,0.32048690945504493,5.74,5,7.15,20.9,work_alone,None
102,0,102,1,243.0,53,10,4.64,2,8.58,27.6,seek_help,HighStress
102,10,102,24,193.0,67,0.5,3.76,5,6.16,17.3,attempt_knowledge_share,None
102,11,102,41,411.0,114,3.9769772877798184,5.46,5,9.54,38.4,rest,None
102,4,102,27,320.0,77,10,3.62,6,7.78,27.9,rest,HighStress
102,2,102,40,255.0,66,0,3.28,5,6.98,28.1,rest,None
102,5,102,34,344.0,96,-0.5,3.14,5,8.17,46.0,rest,None
102,18,102,22,487.0,121,6.483985654468295,4.02,8,8.69,30.4,seek_help,None
102,7,102,24,261.9,57,2.5476573136730374,3.82,3,8.79,22.4,attempt_knowledge_share,None
102,16,102,25,238.0,59,6,5.14,5,6.43,24.9,attempt_knowledge_share,None
102,9,102,37,287.0,59,0,3.98,4,7.31,17.2,rest,None
102,13,102,39,319.0,65,0,3.94,5,8.26,24.2,rest,None
102,14,102,39,124.0,11,0.19836293036583047,3.12,4,5.84,5.7,work_alone,None
102,8,102,28,307.0,69,1.7016883133814655,4.62,7,6.9,33.0,rest,LowEnergy
102,3,102,28,152.0,17,4.9141388657456,3.34,2,4.25,6.2,work_alone,None
102,19,102,44,235.0,44,0,2.9,5,8.32,12.6,rest,None
103,3,103,40,152.0,17,1.9141388657456,3.34,2,4.25,6.2,rest,None
103,1,103,27,221.0,32,0.5,2.94,3,5.72,19.3,attempt_collaboration,None
103,9,103,22,306.0,63,0,3.98,4,7.58,18.4,strengthen_ties,None
103,16,103,27,261.0,65,4,5.14,5,6.63,26.7,rest,None
103,13,103,26,341.0,71,0,3.94,5,8.26,26.0,attempt_collaboration,None
103,10,103,19,193.0,67,2.5,3.76,5,5.96,17.3,seek_help,None
103,18,103,30,487.0,121,5.483985654468295,4.02,8,8.69,30.4,rest,None
103,5,103,22,363.0,100,0,3.14,5,8.17,47.2,attempt_collaboration,None
103,2,103,28,259.0,66,0.08351595763559017,3.28,5,6.98,28.1,work_alone,None
103,6,103,31,261.5,41,1.0,5.26,4,9.26,17.6,rest,LowEnergy
103,12,103,44,255.0,32,0,5.74,5,7.15,20.9,rest,None
103,15,103,38,252.0,65,0.5402511988160832,2.82,6,8.17,22.3,rest,None
103,19,103,25,257.0,50,0.5,2.9,5,8.22,14.4,attempt_collaboration,None
103,4,103,40,320.0,77,8,3.7,6,7.78,28.0,rest,HighStress
103,14,103,57,124.0,11,0,3.12,4,5.84,5.7,rest,None
103,11,103,28,434.0,120,3.9769772877798184,5.46,5,9.74,40.2,attempt_collaboration,None
103,7,103,33,261.9,57,1.5476573136730374,3.82,3,8.79,22.4,rest,None
103,17,103,32,252.0,64,0,3.24,6,7.64,18.5,rest,None
103,0,103,5,243.0,53,9,4.64,2,8.58,27.6,rest,HighStress
103,8,103,38,307.0,69,0,4.62,7,6.9,33.0,rest,None
104,8,104,31,307.0,66,0,4.62,7,7.04,39.0,attempt_knowledge_share,None
104,11,104,43,434.0,120,1.9769772877798184,5.46,5,9.74,40.2,rest,None
104,2,104,23,259.0,66,2.08351595763559,3.28,5,6.78,28.1,seek_help,None
104,6,104,21,268.5,41,1.026694615143379,5.26,4,9.35,17.6,work_alone,None
104,16,104,39,261.0,77,1.5,5.14,5,6.83,26.7,rest,None
104,19,104,20,257.0,50,2.5,2.9,5,8.02,14.4,seek_help,None
104,10,104,19,193.0,67,5.5,3.86,5,6.06,18.3,seek_help,LowEnergy
104,12,104,59,255.0,32,0,5.74,5,7.23,20.9,rest,None
104,18,104,40,487.0,121,2.4839856544682952,4.02,8,8.69,30.4,rest,None
104,17,104,24,255.0,64,0.2504397412559192,3.24,6,7.64,18.5,work_alone,None
104,9,104,17,306.0,63,2,3.98,4,7.33,18.4,seek_help,None
104,14,104,50,131.0,11,0.09464774323338832,3.12,4,5.84,5.7,work_alone,None
104,5,104,35,363.0,100,0,3.14,5,8.27,47.2,rest,None
104,1,104,38,221.0,32,0,2.94,3,5.72,19.3,rest,None
104,13,104,21,341.0,71,1,3.94,5,8.26,26.0,seek_help,None
104,15,104,21,272.0,68,0.5402511988160832,2.82,6,8.64,23.2,strengthen_ties,None
104,7,104,20,281.9,60,1.5476573136730374,3.82,3,9.46,23.3,attempt_collaboration,None
104,0,104,18,243.0,53,8,4.64,2,8.58,27.6,rest,HighStress
104,3,104,29,160.0,17,2.33052241836798,3.34,2,4.25,6.2,work_alone,None
104,4,104,35,320.0,77,8,3.7,6,7.92,28.0,strengthen_ties,HighStress_Moderate
105,11,105,27,449.0,123,1.9769772877798184,5.46,5,9.84,41.1,attempt_collaboration,None
105,4,105,26,322.8,77,8.118648751580348,3.7,6,7.92,28.0,work_alone,HighStress_Moderate
105,12,105,46,255.0,32,0.5,5.74,5,7.13,20.9,attempt_collaboration,None
105,3,105,37,160.0,17,0,3.34,2,4.25,6.2,rest,None
105,2,105,39,259.0,66,0.08351595763559017,3.28,5,6.78,28.1,rest,None
105,1,105,56,221.0,32,0,2.94,3,5.72,19.3,rest,None
105,5,105,21,378.0,103,2,3.14,5,8.37,48.1,seek_help,None
105,19,105,15,257.0,50,4.5,2.9,5,7.82,14.4,seek_help,None
105,16,105,29,266.0,77,1.9451658832559433,5.14,5,6.83,26.7,work_alone,None
105,14,105,42,136.0,11,0.3746554215453333,3.12,4,5.84,5.7,work_alone,None
105,17,105,34,255.0,64,0,3.24,6,7.64,18.5,rest,None
105,15,105,34,272.0,68,0,2.82,6,8.64,23.2,rest,None
105,13,105,38,341.0,71,0,3.94,5,8.26,26.0,rest,None
105,7,105,37,281.9,60,0,3.82,3,9.46,23.3,rest,None
105,9,105,33,306.0,63,2,4.18,4,7.33,18.5,rest,LowEnergy
105,8,105,24,307.0,66,0.5,4.62,7,6.97,39.0,attempt_knowledge_share,None
105,6,105,32,268.5,41,0,5.26,4,9.35,17.6,rest,None
105,10,105,14,193.0,67,8.5,3.86,5,6.06,18.3,seek_help,HighStress_Moderate
105,18,105,33,495.0,121,2.68556480860035,4.02,8,8.69,30.4,work_alone,None
105,0,105,27,243.0,53,8,4.64,2,8.58,27.6,rest,HighStress
106,3,106,54,160.0,17,0,3.34,2,4.25,6.2,rest,None
106,2,106,30,259.0,63,0.08351595763559017,3.28,5,7.08,34.6,attempt_knowledge_share,None
106,16,106,24,266.0,90,3.4451658832559433,5.14,5,6.83,26.7,seek_help,None
106,1,106,36,221.0,32,1.5,2.94,3,5.39,19.3,attempt_collaboration,None
106,14,106,29,136.0,11,0.8746554215453333,3.12,4,5.72,5.7,attempt_collaboration,None
106,5,106,36,378.0,103,0,3.14,5,8.37,48.1,rest,None
106,6,106,20,268.5,73,-1.5,5.26,4,9.78,18.6,attempt_knowledge_share,None
106,17,106,24,255.0,63,0,3.24,6,7.64,20.5,attempt_knowledge_share,None
106,15,106,22,272.0,66,0,2.82,6,8.82,26.7,attempt_knowledge_share,None
106,11,106,45,449.0,123,0,5.46,5,9.84,41.1,rest,None
106,0,106,22,243.0,53,9,4.64,2,8.58,27.6,seek_help,HighStress_Moderate
106,7,106,32,281.9,60,0,3.82,3,9.5,23.3,strengthen_ties,None
106,10,106,21,193.0,67,9.5,3.86,5,6.06,18.3,rest,HighStress
106,9,106,22,306.0,63,3,4.18,4,7.08,18.5,attempt_collaboration,None
106,19,106,25,257.0,57,4.0,2.9,5,8.02,14.4,rest,LowEnergy
106,12,106,41,255.0,32,0.5,5.74,5,7.28,20.9,strengthen_ties,None
106,13,106,26,341.0,69,0,3.94,5,8.26,30.5,attempt_knowledge_share,None
106,18,106,25,495.0,116,2.68556480860035,4.02,8,8.81,39.9,attempt_knowledge_share,None
106,4,106,21,322.8,79,9.618648751580348,3.7,6,7.92,28.0,seek_help,HighStress_Moderate
106,8,106,40,307.0,66,0,4.62,7,6.97,39.0,rest,None
107,7,107,23,288.9,60,0.28452186790889405,3.82,3,9.5,23.3,work_alone,None
107,0,107,35,243.0,53,8,4.78,2,8.58,27.7,rest,HighStress_Moderate
107,17,107,19,255.0,63,2,3.24,6,7.47,20.5,seek_help,None
107,4,107,28,322.8,79,6.6186487515803485,3.7,6,7.92,28.0,rest,HighStress
107,2,107,25,259.0,63,0.08351595763559017,3.28,5,7.19,34.6,strengthen_ties,None
107,6,107,31,268.5,73,0,5.26,4,9.78,18.6,rest,None
107,14,107,40,136.0,11,0,3.12,4,5.72,5.7,rest,None
107,8,107,30,307.0,66,0.5,4.62,7,6.9,39.0,attempt_knowledge_share,None
107,15,107,34,272.0,66,0,2.82,6,8.82,26.7,rest,None
107,13,107,24,355.0,72,0,3.94,5,8.26,31.4,rest,None
107,5,107,21,392.0,106,0,3.14,5,8.57,49.0,attempt_collaboration,None
107,18,107,33,495.0,116,0.6855648086003501,4.02,8,8.81,39.9,rest,None
107,12,107,27,255.0,32,1.0,5.74,5,7.18,20.9,attempt_collaboration,None
107,11,107,61,449.0,123,0,5.46,5,9.84,41.1,rest,None
107,3,107,64,160.0,17,0,3.34,2,4.25,6.2,rest,None
107,10,107,34,193.0,67,8.5,3.94,5,6.06,18.4,rest,HighStress
107,16,107,19,266.0,90,4.445165883255943,5.14,5,6.83,26.7,seek_help,None
107,9,107,35,306.0,63,0,4.18,4,7.08,18.5,rest,None
107,1,107,29,225.0,32,1.8504768046478222,2.94,3,5.39,19.3,work_alone,None
107,19,107,34,257.0,57,1.0,2.9,5,8.12,14.4,rest,None
108,6,108,20,272.5,73,0.29706170056096753,5.26,4,9.78,18.6,work_alone,None
108,15,108,23,272.0,63,0,2.82,6,8.98,33.2,attempt_knowledge_share,None
108,7,108,18,288.9,60,2.284521867908894,3.82,3,9.17,23.3,seek_help,None
108,13,108,19,355.0,72,2,3.94,5,8.06,31.4,seek_help,None
108,10,108,23,197.2,67,8.785829754246125,3.94,5,6.06,18.4,work_alone,HighStress_Moderate
108,8,108,20,307.0,66,1.0,4.62,7,6.82,39.0,attempt_knowledge_share,None
108,18,108,50,495.0,116,0,4.02,8,8.81,39.9,rest,None
108,19,108,23,261.0,70,0.5484473582460978,2.9,5,8.12,14.4,work_alone,None
108,2,108,20,259.0,63,2.08351595763559,3.28,5,6.99,34.6,seek_help,None
108,9,108,26,309.0,63,0.12765223763486233,4.18,4,7.08,18.5,work_alone,None
108,5,108,29,392.0,106,0,3.14,5,8.57,49.0,rest,None
108,3,108,59,160.0,17,0,3.34,2,4.82,6.2,strengthen_ties,None
108,1,108,25,249.0,37,0,2.94,3,5.39,20.8,rest,None
108,16,108,31,266.0,90,3.4451658832559433,5.34,5,6.83,26.8,rest,LowEnergy
108,11,108,38,484.0,133,0,5.46,5,9.9,44.1,attempt_collaboration,None
108,14,108,32,144.0,11,0.0237308746071494,3.12,4,5.8,5.7,work_alone,None
108,4,108,41,322.8,79,5.6186487515803485,3.7,6,7.92,28.0,rest,None
108,17,108,27,255.0,63,2,3.24,6,7.47,20.5,rest,LowEnergy
108,12,108,39,255.0,32,0,5.74,5,7.18,20.9,rest,None
108,0,108,23,254.0,58,8,4.78,2,8.58,29.2,attempt_collaboration,HighStress_Moderate
109,13,109,36,355.0,72,3,4.14,5,8.06,31.5,rest,LowEnergy
109,7,109,34,288.9,60,1.2845218679088939,4.02,3,9.17,23.4,rest,LowEnergy
109,6,109,30,272.5,73,0,5.26,4,9.78,18.6,rest,None
109,3,109,43,160.0,17,1,3.34,2,4.32,6.2,attempt_collaboration,None
109,11,109,25,484.0,133,0.5,5.46,5,9.83,44.1,attempt_collaboration,None
109,19,109,18,261.0,70,2.548447358246098,2.9,5,7.92,14.4,seek_help,None
109,1,109,38,249.0,37,0,2.94,3,5.39,20.8,rest,None
109,16,109,26,266.0,90,3.4451658832559433,5.34,5,6.83,26.8,strengthen_ties,None
109,5,109,42,392.0,106,0,3.14,5,8.57,49.0,rest,None
109,17,109,42,255.0,63,0,3.24,6,7.55,20.5,rest,None
109,8,109,15,307.0,66,3.0,4.62,7,6.68,39.0,seek_help,None
109,4,109,25,345.8,85,5.6186487515803485,3.7,6,8.27,29.8,strengthen_ties,None
109,9,109,43,309.0,63,0,4.18,4,7.08,18.5,rest,None
109,2,109,15,259.0,63,4.083515957635591,3.28,5,6.79,34.6,seek_help,None
109,14,109,16,144.0,11,2.0237308746071494,3.12,4,5.61,5.7,seek_help,None
109,12,109,34,255.0,32,0,5.74,5,7.26,20.9,strengthen_ties,None
109,0,109,38,254.0,58,5,4.92,2,8.58,29.3,rest,HighStress_Moderate
109,18,109,40,518.0,122,0,4.02,8,8.81,41.7,attempt_collaboration,None
109,15,109,39,272.0,63,0,2.82,6,8.98,33.2,rest,None
109,10,109,18,197.2,67,9.785829754246125,3.94,5,6.06,18.4,seek_help,HighStress_Moderate
110,10,110,24,197.2,67,9.785829754246125,3.94,5,6.06,18.4,rest,HighStress
110,14,110,16,144.0,11,5.02373087460715,3.22,4,6.36,6.7,seek_help,LowEnergy
110,19,110,13,261.0,70,6.548447358246098,2.9,5,7.72,14.4,seek_help,LowEnergy
110,1,110,33,249.0,37,0,2.94,3,5.89,20.8,strengthen_ties,None
110,0,110,50,254.0,58,3,4.92,2,8.58,29.3,rest,None
110,4,110,34,345.8,85,4.6186487515803485,3.7,6,8.27,29.8,rest,None
110,16,110,37,266.0,90,2.4451658832559433,5.34,5,6.83,26.8,rest,None
110,12,110,29,255.0,32,0,5.74,5,7.26,20.9,strengthen_ties,None
110,8,110,33,307.0,66,3.0,4.82,7,6.68,39.1,rest,LowEnergy
110,6,110,20,272.5,70,0,5.26,5,8.4,24.6,attempt_knowledge_share,None
110,7,110,21,305.9,64,1.2845218679088939,4.02,3,9.17,24.6,attempt_collaboration,None
110,2,110,25,259.0,63,5.083515957635591,3.28,5,6.79,34.6,rest,LowEnergy
110,13,110,20,355.0,84,3.5,4.14,5,7.86,31.5,attempt_collaboration,None
110,9,110,33,309.0,82,-0.5,4.18,4,7.25,19.0,attempt_knowledge_share,None
110,17,110,39,255.0,63,0,3.24,6,7.47,20.5,rest,None
110,15,110,31,276.0,63,0.06626944942900836,2.82,6,8.98,33.2,work_alone,None
110,3,110,58,160.0,17,0,3.34,1,8.5,6.2,rest,None
110,5,110,45,409.0,110,0,3.14,5,8.77,50.2,rest,None
110,18,110,31,518.0,118,0,4.02,8,8.81,51.2,attempt_knowledge_share,None
110,11,110,43,484.0,133,0,5.46,5,9.9,44.1,rest,None
111,3,111,48,164.0,17,0.4600257637168648,3.34,1,8.5,6.2,work_alone,None
111,11,111,38,484.0,133,0,5.46,5,10.0,44.1,strengthen_ties,None
111,12,111,35,270.0,35,0,5.74,5,7.66,21.8,rest,None
111,6,111,29,272.5,70,0,5.26,5,8.4,24.6,rest,None
111,14,111,32,144.0,11,5.02373087460715,3.36,4,6.36,6.8,rest,HighStress_Moderate
111,5,111,33,414.0,110,0.4621490717529496,3.14,5,8.77,50.2,work_alone,None
111,19,111,24,261.0,70,7.548447358246097,2.9,5,7.72,14.4,rest,HighStress_Moderate
111,15,111,20,291.0,66,0.06626944942900836,2.82,6,9.12,34.1,attempt_collaboration,None
111,8,111,26,307.0,66,3.5,4.82,7,6.61,39.1,attempt_knowledge_share,None
111,10,111,33,197.2,67,8.785829754246125,4.02,5,6.06,18.5,rest,HighStress
111,0,111,40,260.0,58,3.4103124660332034,4.92,2,8.58,29.3,work_alone,None
111,16,111,25,270.0,90,2.8650639648980745,5.34,5,6.83,26.8,work_alone,None
111,18,111,20,518.0,116,0,4.02,8,8.81,55.7,attempt_knowledge_share,None
111,17,111,27,255.0,72,0,3.24,6,7.64,22.0,attempt_knowledge_share,None
111,9,111,24,316.0,82,0,4.18,4,7.25,19.0,work_alone,None
111,7,111,16,305.9,64,2.284521867908894,4.02,3,9.17,24.6,seek_help,None
111,4,111,27,348.8,85,5.108611531343086,3.7,6,8.27,29.8,work_alone,None
111,2,111,37,259.0,63,3.0835159576355906,3.28,5,6.79,34.6,rest,None
111,1,111,51,249.0,37,0,2.94,3,5.89,20.8,rest,None
111,13,111,29,355.0,87,1.0,4.14,5,8.06,31.5,rest,None
112,14,112,20,151.0,11,5.112908231562296,3.36,4,6.36,6.8,work_alone,None
112,2,112,22,259.0,76,3.0835159576355906,3.28,5,6.89,34.6,attempt_collaboration,None
112,1,112,42,255.0,37,0.1605362909024462,2.94,3,5.89,20.8,work_alone,None
112,7,112,25,305.9,64,1.2845218679088939,4.02,3,9.17,24.6,rest,LowEnergy
112,16,112,33,270.0,90,1.8650639648980745,5.34,5,6.83,26.8,rest,None
112,13,112,38,355.0,87,0,4.14,5,8.06,31.5,rest,None
112,6,112,42,272.5,70,0,5.26,5,8.4,24.6,rest,None
112,10,112,24,197.2,64,8.785829754246125,4.02,5,6.26,25.0,attempt_knowledge_share,HighStress_Moderate
112,15,112,15,291.0,66,2.0662694494290084,2.82,6,8.95,34.1,seek_help,None
112,4,112,37,348.8,85,4.108611531343086,3.7,6,8.27,29.8,rest,None
112,18,112,15,518.0,116,2,4.02,8,8.69,55.7,seek_help,None
112,9,112,38,316.0,82,0,4.18,4,7.25,19.0,rest,None
112,3,112,41,168.0,17,0.5118969649764522,3.34,1,8.5,6.2,work_alone,None
112,5,112,28,414.0,110,0.4621490717529496,3.14,5,8.77,50.2,strengthen_ties,None
112,8,112,21,307.0,66,5.5,4.82,7,6.47,39.1,seek_help,None
112,12,112,47,270.0,35,0,5.74,5,7.66,21.8,rest,None
112,17,112,22,255.0,72,2,3.24,6,7.47,22.0,seek_help,None
112,0,112,29,260.0,58,3.9103124660332034,4.92,2,8.33,29.3,attempt_knowledge_share,None
112,19,112,36,261.0,70,5.548447358246097,3.04,5,7.72,14.5,rest,HighStress_Moderate
112,11,112,52,484.0,133,0,5.46,5,10.0,44.1,rest,None
113,14,113,15,151.0,11,7.112908231562296,3.36,4,6.11,6.8,seek_help,None
113,8,113,20,327.0,70,2.5,4.82,7,6.75,40.3,rest,None
113,15,113,10,291.0,66,6.066269449429008,2.82,6,8.79,34.1,seek_help,LowEnergy
113,18,113,26,518.0,116,3,4.02,8,8.7,55.7,rest,LowEnergy
113,19,113,23,261.0,70,6.048447358246097,3.04,5,7.62,14.5,attempt_collaboration,None
113,10,113,37,197.2,64,6.785829754246125,4.16,5,6.26,25.1,rest,HighStress_Moderate
113,16,113,19,290.0,94,1.8650639648980745,5.34,5,7.23,28.0,attempt_collaboration,None
113,11,113,41,484.0,133,0.5,5.46,5,9.9,44.1,attempt_collaboration,None
113,17,113,34,255.0,72,1,3.24,6,7.47,22.0,rest,None
113,5,113,38,436.0,116,0,3.14,5,8.77,52.0,rest,None
113,13,113,23,355.0,87,0.5,4.14,5,7.96,31.5,attempt_collaboration,None
113,7,113,34,305.9,64,0,4.02,3,9.17,24.6,rest,None
113,6,113,37,272.5,70,0,5.26,5,8.4,24.6,strengthen_ties,None
113,0,113,44,260.0,58,0.9103124660332034,4.92,2,8.33,29.3,rest,None
113,4,113,48,348.8,85,1.1086115313430858,3.7,6,8.27,29.8,rest,None
113,12,113,40,273.0,35,0.0025851856683662966,5.74,5,7.66,21.8,work_alone,None
113,9,113,28,338.0,88,0,4.18,4,7.5,20.8,attempt_collaboration,None
113,1,113,34,262.0,37,0.5686497383854452,2.94,3,5.89,20.8,work_alone,None
113,3,113,50,168.0,17,0,3.34,1,8.5,6.2,rest,None
113,2,113,40,259.0,76,1.0835159576355906,3.28,5,6.89,34.6,rest,None
114,6,114,50,272.5,74,-0.5,5.26,5,8.4,24.6,rest,None
114,19,114,32,261.0,70,4.048447358246097,3.04,5,7.62,14.5,rest,None
114,13,114,18,355.0,87,2.5,4.14,5,7.85,31.5,seek_help,None
114,5,114,25,461.0,122,0,3.14,5,8.77,53.8,strengthen_ties,None
114,7,114,18,330.9,70,0,4.02,3,9.17,26.4,attempt_collaboration,None
114,9,114,41,338.0,88,0,4.18,4,7.5,20.8,rest,None
114,17,114,26,255.0,71,1,3.24,6,7.64,24.0,attempt_knowledge_share,None
114,11,114,28,484.0,131,0.5,5.46,5,10.0,48.1,attempt_knowledge_share,None
114,1,114,26,270.0,37,0.8693066786229138,2.94,3,5.89,20.8,work_alone,None
114,16,114,20,290.0,94,4.8650639648980745,5.44,5,7.23,29.0,seek_help,LowEnergy
114,15,114,5,291.0,66,10,2.82,6,8.62,34.1,seek_help,HighStress_Moderate
114,3,114,42,173.0,17,0.19172445268633764,3.34,1,8.5,6.2,work_alone,None
114,0,114,39,260.0,66,0.41031246603320337,4.92,2,8.92,29.3,strengthen_ties,None
114,8,114,38,327.0,70,1.5,4.82,7,6.75,40.3,rest,None
114,12,114,28,290.0,38,0.0025851856683662966,5.74,5,8.06,22.7,attempt_collaboration,None
114,18,114,40,518.0,116,1,4.02,8,8.7,55.7,rest,None
114,2,114,23,276.0,79,3.0835159576355906,3.28,5,7.09,35.5,seek_help,None
114,14,114,24,151.0,11,8.112908231562296,3.36,4,6.11,6.8,rest,HighStress
114,10,114,26,203.2,64,7.156250491332581,4.16,5,6.26,25.1,work_alone,None
114,4,114,39,354.8,85,1.5784062990572614,3.7,6,8.27,29.8,work_alone,None
115,13,115,30,355.0,87,3.5,4.14,5,7.94,31.5,rest,LowEnergy
115,12,115,43,290.0,38,0,5.74,5,8.06,22.7,rest,None
115,18,115,25,518.0,116,1.5,4.02,8,8.64,55.7,attempt_collaboration,None
115,5,115,35,461.0,122,0,3.14,5,8.77,53.8,rest,None
115,4,115,49,354.8,85,0,3.7,6,8.27,29.8,rest,None
115,11,115,23,484.0,131,2.5,5.46,5,9.8,48.1,seek_help,None
115,17,115,35,255.0,71,0,3.24,6,7.64,24.0,rest,None
115,1,115,43,270.0,37,0,2.94,3,5.89,20.8,rest,None
115,8,115,29,327.0,76,1.0,4.82,7,7.04,42.8,attempt_knowledge_share,None
115,2,115,18,276.0,79,5.083515957635591,3.28,5,6.89,35.5,seek_help,None
115,7,115,29,330.9,70,1,4.02,3,9.17,26.4,rest,LowEnergy
115,3,115,35,173.0,22,0.19172445268633764,3.34,1,8.0,6.2,attempt_knowledge_share,None
115,9,115,30,338.0,86,0,4.18,4,7.75,24.3,attempt_knowledge_share,None
115,16,115,31,290.0,94,1.8650639648980745,5.44,5,7.23,29.0,rest,None
115,14,115,41,151.0,11,5.112908231562296,3.5,4,6.14,6.9,rest,HighStress_Moderate
115,6,115,45,272.5,74,0,5.26,5,8.4,24.6,strengthen_ties,None
115,10,115,21,203.2,64,9.156250491332582,4.16,5,6.06,25.1,seek_help,HighStress_Moderate
115,15,115,16,291.0,66,10,2.82,6,8.62,34.1,rest,HighStress
115,19,115,27,261.0,70,4.048447358246097,3.04,5,7.77,14.5,strengthen_ties,None
115,0,115,34,260.0,66,0.41031246603320337,4.92,2,9.38,29.3,strengthen_ties,None
116,16,116,26,290.0,94,1.8650639648980745,5.44,5,7.43,29.0,strengthen_ties,None
116,11,116,31,484.0,131,0.5,5.46,5,9.8,48.1,rest,None
116,19,116,22,261.0,70,6.048447358246097,3.04,5,7.57,14.5,seek_help,None
116,12,116,56,290.0,48,-0.5,5.74,5,8.18,22.7,rest,None
116,5,116,21,461.0,122,0.5,3.14,5,8.67,53.8,attempt_collaboration,None
116,17,116,19,279.0,74,0,3.24,6,7.8,24.9,attempt_collaboration,None
116,9,116,48,338.0,86,0,4.18,4,7.75,24.3,rest,None
116,13,116,14,355.0,87,4.0,4.14,5,7.84,31.5,attempt_collaboration,None
116,7,116,46,330.9,70,0,4.02,3,9.17,26.4,rest,None
116,4,116,39,354.8,82,0,3.7,6,8.44,34.8,attempt_knowledge_share,None
116,10,116,11,203.2,64,10,4.16,5,6.26,25.1,seek_help,HighStress
116,1,116,52,270.0,37,0,2.94,3,5.89,20.8,rest,None
116,15,116,23,291.0,66,10,2.82,6,8.62,34.1,rest,HighStress
116,6,116,34,277.5,74,0.030601020657465172,5.26,5,8.4,24.6,work_alone,None
116,0,116,22,268.0,66,0.8000190711458001,4.92,2,9.38,29.3,work_alone,None
116,18,116,20,518.0,116,3.5,4.02,8,8.52,55.7,seek_help,None
116,8,116,43,327.0,76,0,4.82,7,7.11,42.8,rest,None
116,2,116,29,276.0,79,4.083515957635591,3.28,5,6.94,35.5,rest,HighStress_Moderate
116,14,116,24,175.0,14,5.612908231562296,3.5,4,6.26,7.8,attempt_knowledge_share,None
116,3,116,26,173.0,22,0.6917244526863376,3.34,1,7.5,6.2,attempt_knowledge_share,None
117,1,117,44,270.0,37,0.5,2.94,3,5.72,20.8,attempt_knowledge_share,None
117,7,117,36,330.9,68,0,4.02,3,9.5,30.4,attempt_knowledge_share,None
117,19,117,33,261.0,70,4.048447358246097,3.04,5,7.67,14.5,rest,None
117,0,117,32,268.0,66,0,4.92,2,9.38,29.3,rest,None
117,14,117,19,175.0,14,6.612908231562296,3.5,4,6.36,7.8,seek_help,None
117,2,117,42,276.0,79,2.0835159576355906,3.28,5,6.94,35.5,rest,None
117,4,117,32,354.8,80,0,3.7,6,8.61,38.3,attempt_knowledge_share,None
117,11,117,46,484.0,131,0,5.46,5,9.8,48.1,rest,None
117,3,117,21,173.0,22,2.6917244526863375,3.34,1,6.5,6.2,seek_help,None
117,5,117,36,461.0,122,0,3.14,5,8.67,53.8,rest,None
117,13,117,23,355.0,87,4.0,4.14,5,7.84,31.5,rest,LowEnergy
117,9,117,38,345.0,86,0.4309872086477506,4.18,4,7.75,24.3,work_alone,None
117,18,117,30,518.0,116,1.5,4.02,8,8.52,55.7,rest,None
117,12,117,74,290.0,48,0,5.74,5,8.18,22.7,rest,None
117,10,117,23,203.2,66,8.5,4.16,5,6.26,25.1,rest,HighStress
117,6,117,26,280.5,74,0.4269688804437999,5.26,5,8.4,24.6,work_alone,None
117,17,117,35,279.0,74,1,3.44,6,7.8,25.0,rest,LowEnergy
117,15,117,34,291.0,74,6.5,2.9,6,8.79,34.2,rest,HighStress
117,8,117,33,327.0,83,0,4.82,7,7.32,43.8,attempt_knowledge_share,None
117,16,117,21,290.0,94,3.8650639648980745,5.44,5,7.23,29.0,seek_help,None
118,17,118,22,279.0,74,1.5,3.44,6,7.72,25.0,attempt_collaboration,None
118,7,118,31,330.9,68,0,4.02,3,9.5,30.4,strengthen_ties,None
118,19,118,47,261.0,70,3.048447358246097,3.04,5,7.77,14.5,rest,None
118,18,118,21,518.0,116,2.0,4.02,8,8.45,55.7,attempt_knowledge_share,None
118,11,118,39,484.0,127,-0.5,5.46,5,10.0,59.6,attempt_knowledge_share,None
118,8,118,23,332.0,83,0.469589665756873,4.82,7,7.32,43.8,work_alone,None
118,15,118,23,312.0,79,6.5,2.9,6,8.95,35.7,attempt_collaboration,None
118,6,118,41,280.5,74,0,5.26,5,8.4,24.6,rest,None
118,16,118,38,290.0,94,1.8650639648980745,5.44,5,7.3,29.0,rest,None
118,12,118,55,327.0,81,0,5.74,5,8.28,25.7,attempt_collaboration,None
118,4,118,33,370.8,85,0,3.7,6,8.67,39.8,rest,None
118,2,118,32,282.0,79,2.257427718466586,3.28,5,6.94,35.5,work_alone,None
118,13,118,18,355.0,87,6.0,4.14,5,7.64,31.5,seek_help,None
118,3,118,16,173.0,22,3.6917244526863375,3.34,1,8.0,6.2,seek_help,None
118,10,118,33,203.2,66,5.5,4.3,5,6.26,25.2,rest,HighStress_Moderate
118,14,118,14,175.0,14,9.612908231562296,3.5,4,6.36,7.8,seek_help,HighStress_Moderate
118,1,118,55,270.0,37,0,2.94,3,5.72,20.8,rest,None
118,9,118,50,345.0,86,0,4.18,4,7.75,24.3,rest,None
118,5,118,27,464.0,122,0.3251308692218817,3.14,5,8.74,53.8,work_alone,None
118,0,118,21,268.0,66,0,4.92,2,9.38,30.3,attempt_knowledge_share,None
119,1,119,44,270.0,37,0,2.94,3,6.06,21.8,attempt_knowledge_share,None
119,4,119,16,391.8,91,0,3.7,6,8.86,41.6,attempt_collaboration,None
119,11,119,31,487.0,127,0,5.46,5,10.0,59.6,work_alone,None
119,5,119,45,464.0,122,0,3.14,5,8.74,53.8,rest,None
119,9,119,42,349.0,86,0.13121970855553972,4.18,4,7.75,24.3,work_alone,None
119,19,119,35,285.0,72,3.048447358246097,3.04,5,8.17,15.1,attempt_collaboration,None
119,2,119,22,288.0,79,2.7323844017657755,3.28,5,6.94,35.5,work_alone,None
119,0,119,16,268.0,66,1,4.92,2,9.38,30.3,seek_help,None
119,10,119,33,227.2,68,4.5,4.3,5,6.66,25.8,rest,None
119,16,119,26,297.0,94,1.9243830175633838,5.44,5,7.3,29.0,work_alone,None
119,17,119,17,279.0,74,2.5,3.44,6,7.72,25.0,seek_help,None
119,12,119,46,327.0,81,0.5,5.74,5,8.18,25.7,attempt_knowledge_share,None
119,6,119,22,306.5,80,0.23517641864148003,5.26,5,8.4,26.4,work_alone,None
119,8,119,41,332.0,83,0,4.82,7,7.32,43.8,rest,None
119,14,119,27,175.0,14,9.612908231562296,3.5,4,6.36,7.8,rest,HighStress
119,18,119,16,518.0,116,4.0,4.02,8,8.33,55.7,seek_help,None
119,3,119,27,173.0,22,4.691724452686337,3.34,1,8.0,6.2,rest,LowEnergy
119,13,119,13,355.0,87,10,4.14,5,7.44,31.5,seek_help,HighStress_Moderate
119,7,119,43,330.9,68,0,4.02,3,9.5,30.4,rest,None
119,15,119,34,312.0,81,5.0,2.9,6,9.12,35.7,rest,None
120,11,120,26,487.0,128,-0.5,5.46,5,10.0,59.6,strengthen_ties,None
120,1,120,37,270.0,37,0,2.94,3,6.06,22.3,attempt_knowledge_share,None
120,16,120,21,297.0,94,3.924383017563384,5.44,5,7.1,29.0,seek_help,None
120,9,120,37,349.0,86,0.13121970855553972,4.18,4,7.75,24.3,strengthen_ties,None
120,7,120,42,346.9,74,0,4.02,3,9.5,32.2,rest,None
120,3,120,44,173.0,22,2.691724452686337,3.34,1,8.0,6.2,rest,None
120,17,120,12,279.0,74,6.5,3.44,6,7.55,25.0,seek_help,LowEnergy
120,13,120,3,355.0,87,10,4.14,5,7.58,31.5,seek_help,HighStress
120,4,120,24,391.8,91,0,3.7,6,8.86,41.6,rest,LowEnergy
120,8,120,59,332.0,83,0,4.82,7,7.32,43.8,rest,None
120,10,120,28,227.2,75,4.0,4.3,5,6.86,25.8,strengthen_ties,None
120,14,120,34,175.0,14,8.612908231562296,3.58,4,6.36,7.9,rest,HighStress
120,2,120,37,288.0,79,0.7323844017657755,3.28,5,6.94,35.5,rest,None
120,12,120,38,335.0,81,0.5366920900039209,5.74,5,8.18,25.7,work_alone,None
120,5,120,33,480.0,128,0,3.14,5,8.77,55.6,attempt_collaboration,None
120,15,120,27,317.0,81,5.205621090588728,2.9,6,9.12,35.7,work_alone,None
120,6,120,31,306.5,80,0,5.26,5,8.4,26.4,rest,None
120,19,120,26,285.0,70,3.048447358246097,3.04,5,8.37,18.6,attempt_knowledge_share,None
120,18,120,11,518.0,116,8.0,4.02,8,8.2,55.7,seek_help,LowEnergy
120,0,120,33,268.0,66,2,5.12,2,9.38,30.4,rest,LowEnergy
121,19,121,34,285.0,70,2.048447358246097,3.04,5,8.37,18.6,rest,None
121,14,121,25,177.8,14,8.804101227576163,3.58,4,6.36,7.9,work_alone,HighStress_Moderate
121,2,121,30,291.0,79,0.7744566655092572,3.28,5,6.94,35.5,work_alone,None
121,18,121,1,518.0,116,10,4.02,8,8.08,55.7,seek_help,HighStress
121,1,121,29,278.0,37,0.4293838538880282,2.94,3,6.06,22.3,work_alone,None
121,15,121,41,317.0,81,3.2056210905887284,2.9,6,9.12,35.7,rest,None
121,9,121,28,356.0,86,0.5176343169386504,4.18,4,7.75,24.3,work_alone,None
121,16,121,37,297.0,94,1.9243830175633838,5.44,5,7.1,29.0,rest,None
121,8,121,43,332.0,83,0.5,4.82,7,7.25,43.8,attempt_collaboration,None
121,6,121,17,306.5,80,0.5,5.26,5,8.3,26.4,attempt_collaboration,None
121,7,121,30,352.9,74,0.09109900712445052,4.02,3,9.5,32.2,work_alone,None
121,12,121,26,343.0,81,0.7379304027980131,5.74,5,8.18,25.7,work_alone,None
121,0,121,26,275.0,66,2.1322866041430824,5.12,2,9.38,30.4,work_alone,None
121,3,121,39,173.0,22,2.691724452686337,3.34,1,8.67,6.2,strengthen_ties,None
121,5,121,51,480.0,128,0,3.14,5,8.77,55.6,rest,None
121,10,121,46,227.2,75,3.0,4.3,5,6.86,25.8,rest,None
121,17,121,7,279.0,74,10,3.44,6,7.39,25.0,seek_help,HighStress_Moderate
121,13,121,14,355.0,87,9,4.14,5,7.58,31.5,rest,HighStress
121,4,121,35,391.8,91,0,3.7,6,8.86,41.6,rest,None
121,11,121,21,487.0,128,1.5,5.46,5,9.8,59.6,seek_help,None
122,9,122,23,356.0,86,2.5176343169386506,4.18,4,7.5,24.3,seek_help,None
122,3,122,34,173.0,22,2.691724452686337,3.34,1,10.0,6.2,strengthen_ties,None
122,17,122,13,279.0,74,9,3.44,6,7.39,25.0,rest,HighStress
122,7,122,23,352.9,74,0.09109900712445052,4.02,3,9.5,33.2,attempt_knowledge_share,None
122,10,122,35,227.2,75,3.5,4.3,5,6.76,25.8,attempt_knowledge_share,None
122,15,122,31,317.0,83,3.2056210905887284,2.9,6,9.12,35.7,attempt_collaboration,None
122,18,122,9,518.0,116,9,4.02,8,8.08,55.7,rest,HighStress
122,1,122,37,278.0,37,0,2.94,3,6.06,22.3,rest,None
122,19,122,29,285.0,70,2.048447358246097,3.04,5,8.57,18.6,strengthen_ties,None
122,0,122,43,275.0,66,1.1322866041430824,5.12,2,9.38,30.4,rest,None
122,14,122,33,177.8,14,7.804101227576163,3.72,4,6.36,8.0,rest,HighStress_Moderate
122,2,122,25,291.0,79,0.7744566655092572,3.28,5,7.19,35.5,strengthen_ties,None
122,12,122,21,343.0,81,2.737930402798013,5.74,5,7.98,25.7,seek_help,None
122,5,122,46,480.0,128,0,3.14,5,8.77,55.6,strengthen_ties,None
122,6,122,31,306.5,80,0,5.46,5,8.3,26.5,rest,LowEnergy
122,4,122,28,398.8,91,0.062174513992156344,3.7,6,8.86,41.6,work_alone,None
122,8,122,38,332.0,83,0.5,4.82,7,7.47,43.8,strengthen_ties,None
122,13,122,4,355.0,87,10,4.14,5,7.58,31.5,seek_help,HighStress
122,11,122,29,487.0,128,0,5.46,5,9.8,59.6,rest,None
122,16,122,50,297.0,94,0,5.44,5,7.12,29.0,rest,None
123,2,123,37,291.0,79,0,3.28,5,7.19,35.5,rest,None
123,0,123,29,275.0,66,1.6322866041430824,5.12,2,9.13,30.4,attempt_collaboration,None
123,5,123,41,480.0,128,0,3.14,5,8.77,55.6,strengthen_ties,None
123,12,123,29,343.0,81,1,5.74,5,7.78,25.7,rest,None
123,15,123,19,325.0,83,3.6553495484835374,2.9,6,9.12,35.7,work_alone,None
123,7,123,18,352.9,74,2.0910990071244506,4.02,3,9.17,33.2,seek_help,None
123,18,123,19,518.0,116,8,4.02,8,8.08,55.7,rest,HighStress
123,3,123,26,173.0,23,2.191724452686337,3.34,1,10.0,7.7,attempt_knowledge_share,None
123,13,123,8,355.0,87,9,4.14,5,7.58,31.5,rest,HighStress
123,17,123,17,279.0,74,10,3.44,6,7.39,25.0,rest,HighStress
123,1,123,27,278.0,37,0.5,2.94,3,5.89,22.3,attempt_collaboration,None
123,19,123,41,285.0,70,0,3.04,5,8.62,18.6,rest,None
123,8,123,21,332.0,83,1.5,4.82,7,7.32,43.8,attempt_collaboration,None
123,10,123,26,227.2,75,4.0,4.3,5,6.66,25.8,attempt_knowledge_share,None
123,14,123,28,177.8,14,7.804101227576163,3.72,4,6.36,8.0,strengthen_ties,HighStress_Moderate
123,6,123,18,306.5,80,0.5,5.46,5,8.2,26.5,attempt_collaboration,None
123,16,123,41,297.0,97,0,5.44,5,7.12,29.5,attempt_knowledge_share,None
123,11,123,24,487.0,128,2,5.46,5,9.6,59.6,seek_help,None
123,4,123,23,398.8,91,2.062174513992156,3.7,6,8.7,41.6,seek_help,None
123,9,123,18,356.0,86,4.517634316938651,4.18,4,7.25,24.3,seek_help,None
124,14,124,43,177.8,14,6.804101227576163,3.86,4,6.36,8.1,rest,HighStress_Moderate
124,12,124,45,343.0,81,0,5.74,5,7.78,25.7,rest,None
124,5,124,29,488.0,128,0.19510187997210304,3.14,5,8.77,55.6,work_alone,None
124,4,124,18,398.8,91,4.062174513992156,3.7,6,8.53,41.6,seek_help,None
124,18,124,23,539.0,122,9,4.1,8,8.2,57.6,rest,HighStress
124,6,124,26,306.5,80,0,5.46,5,8.2,26.5,rest,LowEnergy
124,17,124,7,279.0,74,10,3.44,6,7.22,25.0,seek_help,HighStress
124,8,124,37,332.0,83,0.5,4.82,7,7.32,43.8,rest,None
124,3,124,36,173.0,23,0,3.34,1,10.0,7.7,rest,None
124,1,124,38,278.0,37,0,2.94,3,5.89,22.3,rest,None
124,16,124,30,302.0,97,0.4326445852098508,5.44,5,7.12,29.5,work_alone,None
124,7,124,27,352.9,74,3.09109900712445,4.02,3,9.17,33.2,rest,LowEnergy
124,2,124,27,312.0,85,0,3.28,5,7.59,37.3,attempt_collaboration,None
124,10,124,21,227.2,75,5.0,4.3,5,6.66,25.8,seek_help,None
124,15,124,35,325.0,83,4.655349548483537,3.1,6,9.12,35.8,rest,LowEnergy
124,0,124,45,275.0,66,0,5.12,2,9.13,30.4,rest,None
124,19,124,30,292.0,70,0.31764337371986684,3.04,5,8.62,18.6,work_alone,None
124,13,124,1,355.0,87,10,4.14,5,7.58,31.5,seek_help,HighStress
124,9,124,36,356.0,86,5.517634316938651,4.38,4,7.25,24.4,rest,LowEnergy
124,11,124,35,487.0,128,0,5.46,5,9.6,59.6,rest,None
125,13,125,4,355.0,87,10,4.14,5,7.58,31.5,rest,HighStress
125,5,125,45,488.0,128,0,3.14,5,8.77,55.6,rest,None
125,10,125,29,227.2,75,4.0,4.3,5,6.66,25.8,rest,None
125,0,125,34,285.0,69,0,5.12,2,9.13,31.3,attempt_collaboration,None
125,9,125,26,363.0,86,6.0128905838914575,4.38,4,7.25,24.4,work_alone,None
125,11,125,35,497.0,131,0,5.46,5,9.8,60.5,rest,None
125,19,125,25,292.0,70,0.31764337371986684,3.04,5,8.62,18.6,strengthen_ties,None
125,14,125,35,182.8,14,7.115422744858625,3.86,4,6.36,8.1,work_alone,None
125,1,125,26,283.0,37,0.370064750815868,2.94,3,5.89,22.3,work_alone,None
125,3,125,45,173.0,23,0,3.34,1,10.0,7.7,rest,None
125,2,125,39,312.0,85,0,3.28,5,7.59,37.3,rest,None
125,12,125,29,372.0,83,0.13690354433942242,5.74,5,8.18,26.3,work_alone,None
125,7,125,37,352.9,74,1.0910990071244502,4.02,3,9.17,33.2,rest,None
125,16,125,25,302.0,97,0.4326445852098508,5.44,5,7.27,29.5,strengthen_ties,None
125,6,125,21,306.5,80,2,5.46,5,8.0,26.5,seek_help,None
125,15,125,27,333.0,83,4.676175687781735,3.1,6,9.18,35.8,work_alone,None
125,18,125,38,539.0,122,8,4.24,8,8.2,57.7,rest,HighStress_Moderate
125,8,125,21,357.0,85,0.5,4.82,7,7.61,44.4,attempt_collaboration,None
125,17,125,11,279.0,74,10,3.44,6,7.22,25.0,rest,HighStress
125,4,125,34,398.8,91,4.062174513992156,3.9,6,8.53,41.7,rest,LowEnergy
126,13,126,8,355.0,87,10,4.14,5,7.58,31.5,rest,HighStress
126,4,126,47,398.8,91,1.0621745139921561,3.9,6,8.53,41.7,rest,None
126,10,126,24,227.2,75,6.0,4.3,5,6.46,25.8,seek_help,None
126,15,126,39,333.0,83,3.6761756877817353,3.1,6,9.18,35.8,rest,None
126,7,126,27,352.9,74,1.5910990071244502,4.02,3,9.0,33.2,attempt_knowledge_share,None
126,16,126,40,302.0,97,0,5.44,5,7.27,29.5,rest,None
126,1,126,37,283.0,37,0,2.94,3,5.89,22.3,rest,None
126,11,126,30,497.0,131,0,5.46,5,9.8,60.5,strengthen_ties,None
126,14,126,30,182.8,14,7.115422744858625,3.86,4,6.36,8.1,strengthen_ties,HighStress_Moderate
126,12,126,40,372.0,83,0,5.74,5,8.18,26.3,rest,None
126,6,126,37,306.5,80,0,5.46,5,8.0,26.5,rest,None
126,18,126,33,539.0,122,8,4.24,8,8.29,57.7,strengthen_ties,HighStress_Moderate
126,3,126,60,173.0,23,0,3.34,1,10.0,7.7,rest,None
126,5,126,36,492.0,128,0.2590881513527866,3.14,5,8.77,55.6,work_alone,None
126,19,126,34,292.0,70,0,3.04,5,8.62,18.6,rest,None
126,8,126,16,357.0,85,2.5,4.82,7,7.47,44.4,seek_help,None
126,17,126,14,279.0,74,9,3.44,6,7.22,25.0,rest,HighStress
126,0,126,22,288.0,69,0.20920771032158803,5.12,2,9.13,31.3,work_alone,None
126,9,126,39,363.0,86,4.0128905838914575,4.38,4,7.25,24.4,rest,None
126,2,126,50,312.0,85,0,3.28,5,7.59,37.3,rest,None
127,0,127,33,288.0,69,0,5.12,2,9.13,31.3,rest,None
127,6,127,30,312.5,80,0.46549722016962203,5.46,5,8.0,26.5,work_alone,None
127,7,127,22,352.9,74,2.59109900712445,4.02,3,9.0,33.2,seek_help,None
127,5,127,23,492.0,128,0.7590881513527866,3.14,5,8.67,55.6,attempt_collaboration,None
127,10,127,39,227.2,75,4.0,4.3,5,6.46,25.8,rest,None
127,4,127,37,403.8,91,1.5342672427069326,3.9,6,8.53,41.7,work_alone,None
127,11,127,22,500.0,131,0.4049758092797562,5.46,5,9.8,60.5,work_alone,None
127,18,127,23,552.0,128,8,4.24,8,8.29,59.5,attempt_collaboration,HighStress_Moderate
127,17,127,19,279.0,74,9,3.44,6,7.22,25.0,rest,HighStress
127,12,127,26,387.0,89,0,5.74,5,8.38,28.1,attempt_collaboration,None
127,14,127,20,188.4,14,7.214860681393334,3.86,4,6.36,8.1,work_alone,HighStress_Moderate
127,13,127,1,355.0,87,10,4.14,5,7.62,31.5,seek_help,HighStress
127,15,127,29,360.0,95,1.6761756877817353,3.1,6,9.21,39.4,rest,None
127,16,127,27,321.0,103,0,5.44,5,7.44,31.3,strengthen_ties,None
127,2,127,54,325.0,91,0,3.28,5,7.85,39.1,rest,None
127,3,127,45,192.0,29,0,3.34,1,10.0,9.5,attempt_collaboration,None
127,1,127,24,295.0,43,0,2.94,3,6.56,24.1,attempt_collaboration,None
127,8,127,28,357.0,85,2.5,4.82,7,7.47,44.4,rest,LowEnergy
127,9,127,32,363.0,86,4.5128905838914575,4.38,4,7.13,24.4,attempt_knowledge_share,None
127,19,127,29,292.0,70,0,3.04,5,8.72,18.6,strengthen_ties,None
128,19,128,24,292.0,70,2,3.04,5,8.52,18.6,seek_help,None
128,14,128,37,188.4,14,6.214860681393334,4.0,4,6.36,8.2,rest,HighStress_Moderate
128,15,128,47,360.0,95,0,3.1,6,9.21,39.4,rest,None
128,11,128,40,500.0,131,0,5.46,5,9.8,60.5,rest,None
128,17,128,9,279.0,74,10,3.44,6,7.39,25.0,seek_help,HighStress
128,1,128,35,295.0,43,0,2.94,3,6.56,24.1,rest,None
128,16,128,22,321.0,103,2,5.44,5,7.24,31.3,seek_help,None
128,6,128,44,312.5,80,0,5.46,5,8.0,26.5,rest,None
128,7,128,32,352.9,74,0.5910990071244502,4.02,3,9.0,33.2,rest,None
128,13,128,9,355.0,87,10,4.14,5,7.64,31.5,rest,HighStress
128,10,128,25,227.2,75,4.5,4.3,5,6.36,25.8,attempt_collaboration,None
128,2,128,46,325.0,88,0,3.28,5,7.85,45.1,attempt_knowledge_share,None
128,12,128,21,387.0,89,2,5.74,5,8.18,28.1,seek_help,None
128,18,128,32,552.0,140,4.5,4.38,8,8.29,59.6,rest,HighStress_Moderate
128,3,128,38,197.0,29,0.382571339245348,3.34,1,10.0,9.5,work_alone,None
128,8,128,23,357.0,85,3.5,4.82,7,7.59,44.4,seek_help,None
128,4,128,30,403.8,91,2.0342672427069326,3.9,6,8.53,41.7,attempt_knowledge_share,None
128,5,128,37,492.0,128,0,3.14,5,8.67,55.6,rest,None
128,9,128,27,363.0,86,4.5128905838914575,4.38,4,7.38,24.4,strengthen_ties,None
128,0,128,28,288.0,69,0,5.12,2,9.51,31.3,strengthen_ties,None
129,7,129,20,359.9,74,0.8824724005781934,4.02,3,9.0,33.2,work_alone,None
129,17,129,12,279.0,74,10,3.44,6,7.39,25.0,rest,HighStress
129,13,129,20,355.0,87,10,4.14,5,7.64,31.5,rest,HighStress
129,1,129,27,303.0,43,0.3329458553111482,2.94,3,6.56,24.1,work_alone,None
129,19,129,37,292.0,70,1,3.04,5,8.52,18.6,rest,None
129,2,129,32,344.0,91,0,3.28,5,7.85,46.0,attempt_collaboration,None
129,14,129,21,188.4,14,7.214860681393334,4.0,4,6.11,8.2,attempt_collaboration,None
129,11,129,30,520.0,136,0,5.46,5,10.0,62.0,attempt_collaboration,None
129,18,129,33,571.0,143,4.5,4.58,8,8.29,60.6,rest,LowEnergy
129,4,129,25,403.8,91,2.0342672427069326,3.9,6,8.7,41.7,strengthen_ties,None
129,3,129,22,197.0,29,0.882571339245348,3.34,1,9.5,9.5,attempt_collaboration,None
129,12,129,30,387.0,89,0,5.74,5,8.18,28.1,rest,None
129,10,129,38,227.2,75,1.5,4.3,5,6.36,25.8,rest,None
129,8,129,41,357.0,85,2.5,4.82,7,7.59,44.4,rest,None
129,6,129,22,319.5,80,1.0863672166039549,5.46,5,7.87,26.5,work_alone,None
129,9,129,35,363.0,86,3.5128905838914575,4.38,4,7.38,24.4,rest,None
129,15,129,62,360.0,95,0,3.1,6,9.21,39.4,rest,None
129,16,129,38,321.0,103,1,5.44,5,7.24,31.3,rest,None
129,5,129,17,512.0,133,2,3.14,5,8.57,57.1,seek_help,None
129,0,129,23,288.0,69,2,5.12,2,9.01,31.3,seek_help,None
130,18,130,28,571.0,155,4.0,4.58,8,8.5,60.6,strengthen_ties,None
130,19,130,20,314.0,76,1,3.04,5,8.92,20.4,attempt_collaboration,None
130,3,130,39,197.0,29,0,3.34,1,9.7,9.5,rest,None
130,17,130,2,279.0,74,10,3.44,6,7.41,25.0,seek_help,HighStress
130,7,130,37,359.9,74,0,4.02,3,9.05,33.2,rest,None
130,1,130,40,303.0,43,0,2.94,3,6.56,24.1,rest,None
130,5,130,12,512.0,133,6,3.14,5,8.37,57.1,seek_help,LowEnergy
130,9,130,28,363.0,83,3.5128905838914575,4.38,4,7.63,30.4,attempt_knowledge_share,None
130,13,130,28,355.0,87,9,4.14,5,7.64,31.5,rest,HighStress
130,16,130,33,321.0,103,1,5.44,5,7.24,31.3,strengthen_ties,None
130,2,130,27,344.0,91,0,3.28,5,7.98,46.0,strengthen_ties,None
130,8,130,34,357.0,85,3.0,4.82,7,7.52,44.4,attempt_knowledge_share,None
130,4,130,34,403.8,98,-0.4657327572930674,3.9,6,8.86,41.7,rest,None
130,6,130,31,319.5,80,0.08636721660395486,5.46,5,7.87,26.5,rest,None
130,14,130,32,188.4,14,6.214860681393334,4.14,4,6.11,8.3,rest,HighStress_Moderate
130,11,130,39,520.0,136,0,5.46,5,10.0,62.0,rest,None
130,0,130,18,288.0,69,4,5.12,2,8.51,31.3,seek_help,None
130,12,130,19,387.0,87,0,5.74,5,8.18,31.6,attempt_knowledge_share,None
130,10,130,31,249.2,81,0.5,4.3,5,6.79,27.6,rest,None
130,15,130,57,360.0,95,0,3.1,6,9.45,39.4,strengthen_ties,None
131,17,131,7,279.0,74,10,3.44,6,7.43,25.0,rest,HighStress
131,2,131,22,344.0,91,2,3.28,5,7.78,46.0,seek_help,None
131,16,131,31,343.0,106,0,5.44,5,7.24,32.2,rest,None
131,3,131,23,219.0,32,0,3.34,1,10.0,10.4,attempt_collaboration,None
131,15,131,38,385.0,100,0,3.1,6,9.53,40.9,strengthen_ties,None
131,10,131,19,249.2,81,1.0,4.3,5,6.69,27.6,attempt_knowledge_share,None
131,9,131,42,363.0,83,2.5128905838914575,4.38,4,7.63,30.4,rest,None
131,14,131,27,188.4,14,6.214860681393334,4.14,4,6.24,8.3,strengthen_ties,None
131,19,131,15,314.0,76,3,3.04,5,8.72,20.4,seek_help,None
131,1,131,29,303.0,42,0,2.94,3,6.65,26.6,attempt_knowledge_share,None
131,7,131,27,384.9,79,0,4.02,3,9.39,34.7,attempt_collaboration,None
131,5,131,29,512.0,133,7,3.14,5,8.37,57.1,rest,HighStress_Moderate
131,11,131,31,520.0,141,0,5.46,5,10.0,62.0,strengthen_ties,None
131,4,131,23,425.8,102,0,3.9,6,8.86,42.9,attempt_collaboration,None
131,0,131,19,288.0,69,7,5.22,2,9.01,32.3,seek_help,LowEnergy
131,13,131,44,355.0,87,8,4.28,5,7.64,31.6,rest,HighStress_Moderate
131,6,131,18,319.5,80,0.5863672166039549,5.46,5,7.77,26.5,attempt_collaboration,None
131,12,131,29,387.0,87,0,5.74,5,8.18,31.6,rest,LowEnergy
131,8,131,17,379.0,89,5.0,4.82,7,7.38,45.6,seek_help,None
131,18,131,44,571.0,155,2.0,4.58,8,8.5,60.6,rest,None
132,12,132,41,387.0,87,0,5.74,5,8.18,31.6,rest,None
132,8,132,28,379.0,89,4.0,4.82,7,7.38,45.6,rest,LowEnergy
132,11,132,44,520.0,141,0,5.46,5,10.0,62.0,rest,None
132,18,132,24,588.0,158,2.3152567752154734,4.58,8,8.5,61.5,work_alone,None
132,17,132,16,279.0,74,10,3.44,6,7.43,25.0,rest,HighStress
132,1,132,39,303.0,42,0,2.94,3,6.65,26.6,rest,None
132,9,132,27,376.0,86,2.5128905838914575,4.38,4,7.63,31.3,attempt_collaboration,None
132,16,132,20,348.0,106,0.0953128518392638,5.44,5,7.24,32.2,work_alone,None
132,7,132,38,384.9,79,0,4.02,3,9.39,34.7,rest,None
132,19,132,23,314.0,76,4,3.04,5,8.72,20.4,rest,LowEnergy
132,15,132,27,388.0,100,0.3212876777312679,3.1,6,9.53,40.9,work_alone,None
132,5,132,43,512.0,133,5,3.14,5,8.37,57.1,rest,None
132,14,132,38,188.4,14,5.214860681393334,4.14,4,6.24,8.3,rest,None
132,4,132,18,425.8,102,2,3.9,6,8.7,42.9,seek_help,None
132,2,132,36,344.0,91,0,3.28,5,7.78,46.0,rest,None
132,3,132,38,219.0,32,0,3.34,1,10.0,10.4,rest,None
132,13,132,32,357.1,87,8.184238339845827,4.28,5,7.64,31.6,work_alone,HighStress_Moderate
132,6,132,32,319.5,80,0,5.66,5,7.77,26.6,rest,LowEnergy
132,0,132,14,288.0,69,10,5.22,2,9.01,32.3,seek_help,HighStress_Moderate
132,10,132,37,249.2,81,2.0,4.5,5,6.69,27.7,rest,LowEnergy
133,8,133,23,379.0,89,6.0,4.82,7,7.23,45.6,seek_help,None
133,3,133,26,219.0,32,0.5,3.34,1,9.5,10.4,attempt_collaboration,None
133,16,133,28,348.0,106,0,5.44,5,7.3,32.2,rest,None
133,18,133,38,588.0,158,0,4.58,8,8.55,61.5,rest,None
133,19,133,35,314.0,76,1,3.04,5,8.81,20.4,rest,None
133,17,133,19,279.0,74,9,3.44,6,7.43,25.0,rest,HighStress
133,12,133,29,387.0,85,0,5.74,5,8.18,35.6,attempt_knowledge_share,None
133,5,133,33,512.0,135,4.5,3.14,5,8.57,57.6,attempt_knowledge_share,None
133,13,133,25,359.90000000000003,87,8.270199656798113,4.28,5,7.64,31.6,work_alone,HighStress_Moderate
133,7,133,30,384.9,80,0,4.02,3,9.39,35.7,attempt_knowledge_share,None
133,10,133,32,249.2,81,2.0,4.5,5,6.97,27.7,strengthen_ties,None
133,9,133,22,376.0,86,3.5128905838914575,4.38,4,7.63,31.3,seek_help,None
133,11,133,39,520.0,141,0,5.46,5,10.0,62.0,strengthen_ties,None
133,2,133,25,351.0,91,0.18347364022191104,3.28,5,7.78,46.0,work_alone,None
133,14,133,33,188.4,14,5.214860681393334,4.14,4,6.56,8.3,strengthen_ties,None
133,6,133,25,319.5,77,0,5.66,5,7.97,32.6,attempt_knowledge_share,None
133,0,133,4,288.0,69,10,5.22,2,9.01,32.3,seek_help,HighStress
133,1,133,34,303.0,42,0,2.94,3,7.0,26.6,strengthen_ties,None
133,4,133,26,425.8,122,0,3.9,6,8.7,42.9,rest,LowEnergy
133,15,133,36,388.0,100,0,3.1,6,9.53,40.9,rest,None
134,5,134,24,520.0,135,4.710220440962749,3.14,5,8.57,57.6,work_alone,None
134,17,134,29,279.0,74,8,3.44,6,7.43,25.0,rest,HighStress
134,1,134,22,307.0,42,0.4743783358365935,2.94,3,7.0,26.6,work_alone,None
134,2,134,20,351.0,106,1.6834736402219113,3.28,5,7.78,46.0,seek_help,None
134,4,134,37,425.8,122,0,3.9,6,8.7,42.9,rest,None
134,0,134,11,288.0,69,9,5.22,2,9.01,32.3,rest,HighStress
134,6,134,32,335.5,82,0,5.66,5,8.07,34.1,rest,None
134,15,134,45,388.0,100,0,3.1,6,9.53,40.9,rest,None
134,19,134,18,314.0,76,1.5,3.04,5,8.71,20.4,attempt_collaboration,None
134,14,134,41,188.4,14,4.214860681393334,4.14,4,6.56,8.3,rest,None
134,8,134,18,379.0,89,8.0,4.82,7,7.09,45.6,seek_help,None
134,11,134,31,525.0,141,0.3077476057915321,5.46,5,10.0,62.0,work_alone,None
134,13,134,20,359.90000000000003,87,10,4.28,5,7.44,31.6,seek_help,HighStress_Moderate
134,7,134,39,384.9,80,0,4.02,3,9.39,35.7,rest,None
134,16,134,23,348.0,106,2,5.44,5,7.1,32.2,seek_help,None
134,18,134,25,604.0,163,0,4.58,8,8.66,63.0,attempt_collaboration,None
134,3,134,38,219.0,32,0,3.34,1,9.5,10.4,rest,None
134,9,134,17,376.0,86,5.5128905838914575,4.38,4,7.38,31.3,seek_help,None
134,12,134,41,387.0,85,0,5.74,5,8.18,35.6,rest,None
134,10,134,21,249.2,77,2.0,4.5,5,7.17,35.2,attempt_knowledge_share,None
135,6,135,42,335.5,82,0,5.66,5,8.07,34.1,rest,None
135,5,135,36,520.0,135,3.7102204409627486,3.14,5,8.57,57.6,rest,None
135,12,135,34,387.0,81,0,5.74,5,8.38,43.1,attempt_knowledge_share,None
135,17,135,24,279.0,74,9,3.44,6,7.43,25.0,seek_help,HighStress_Moderate
135,8,135,8,379.0,89,10,4.82,7,7.23,45.6,seek_help,HighStress
135,0,135,1,288.0,69,10,5.22,2,9.01,32.3,seek_help,HighStress
135,16,135,21,367.0,110,1,5.44,5,7.18,33.4,rest,None
135,19,135,32,314.0,76,0.5,3.24,5,8.71,20.5,rest,LowEnergy
135,1,135,17,307.0,42,1.4743783358365934,2.94,3,7.0,26.6,seek_help,None
135,13,135,31,359.90000000000003,87,9,4.36,5,7.44,31.7,rest,HighStress
135,7,135,24,394.9,86,0,4.02,3,9.39,37.5,attempt_collaboration,None
135,3,135,25,238.0,36,0,3.34,1,10.0,11.6,attempt_collaboration,None
135,4,135,25,433.8,122,0.16264764050215536,3.9,6,8.78,42.9,work_alone,None
135,11,135,26,525.0,141,0.3077476057915321,5.46,5,10.0,62.0,strengthen_ties,None
135,14,135,30,194.4,14,4.436566041179101,4.14,4,6.56,8.3,work_alone,None
135,9,135,31,376.0,86,5.5128905838914575,4.52,4,7.38,31.4,rest,HighStress_Moderate
135,2,135,15,351.0,106,3.6834736402219113,3.28,5,7.58,46.0,seek_help,None
135,15,135,40,398.0,121,0,3.1,6,9.53,42.7,rest,None
135,18,135,34,604.0,163,0,4.58,8,8.66,63.0,rest,None
135,10,135,30,249.2,77,1.0,4.5,5,7.17,35.2,rest,None
136,1,136,28,307.0,42,0.4743783358365934,2.94,3,7.0,26.6,rest,LowEnergy
136,6,136,37,335.5,82,0,5.66,5,8.07,34.1,strengthen_ties,None
136,16,136,32,367.0,110,0,5.44,5,7.18,33.4,rest,None
136,11,136,43,525.0,141,0,5.46,5,10.0,62.0,rest,None
136,9,136,19,376.0,83,5.5128905838914575,4.52,4,7.38,37.4,attempt_knowledge_share,None
136,15,136,29,401.0,121,0.10677746776614694,3.1,6,9.53,42.7,work_alone,None
136,3,136,35,238.0,36,0,3.34,1,10.0,11.6,rest,None
136,13,136,26,359.90000000000003,87,9,4.36,5,7.58,31.7,strengthen_ties,HighStress_Moderate
136,19,136,24,320.0,76,0.6588041715620384,3.24,5,8.75,20.5,work_alone,None
136,12,136,25,390.0,81,0.422424024605544,5.74,5,8.38,43.1,work_alone,None
136,8,136,21,379.0,101,10,4.82,7,7.38,45.6,rest,HighStress
136,18,136,23,608.0,163,0.45084598290557315,4.58,8,8.66,63.0,work_alone,None
136,10,136,21,249.2,77,1.5,4.5,5,7.16,35.2,attempt_knowledge_share,None
136,7,136,34,394.9,86,0,4.02,3,9.39,37.5,rest,None
136,17,136,19,279.0,74,10,3.44,6,7.43,25.0,seek_help,HighStress_Moderate
136,4,136,20,433.8,122,2.162647640502155,3.9,6,8.61,42.9,seek_help,None
136,0,136,1,288.0,69,10,5.22,2,9.1,32.3,seek_help,HighStress
136,2,136,25,351.0,106,4.683473640221911,3.28,5,7.58,46.0,rest,LowEnergy
136,14,136,25,194.4,14,4.436566041179101,4.14,4,6.56,8.3,strengthen_ties,None
136,5,136,22,520.0,135,4.210220440962749,3.14,5,8.47,57.6,attempt_collaboration,None
137,1,137,23,307.0,42,2.4743783358365934,2.94,3,6.66,26.6,seek_help,None
137,18,137,35,608.0,163,0,4.58,8,8.66,63.0,rest,None
137,19,137,37,320.0,76,0,3.24,5,8.75,20.5,rest,None
137,17,137,25,279.0,74,9,3.44,6,7.43,25.0,rest,HighStress
137,3,137,27,243.0,36,0.11049939693984612,3.34,1,10.0,11.6,work_alone,None
137,9,137,37,376.0,83,5.5128905838914575,4.66,4,7.38,37.5,rest,HighStress_Moderate
137,16,137,22,367.0,104,0,5.44,5,7.38,43.9,attempt_knowledge_share,None
137,2,137,39,351.0,106,2.6834736402219113,3.28,5,7.58,46.0,rest,None
137,8,137,27,379.0,122,8.5,4.82,7,7.52,45.6,rest,HighStress
137,0,137,6,288.0,69,10,5.22,2,9.1,32.3,rest,HighStress
137,4,137,31,433.8,122,0.16264764050215508,3.9,6,8.69,42.9,rest,None
137,7,137,29,394.9,86,0,4.02,3,9.39,37.5,strengthen_ties,None
137,11,137,33,525.0,140,0,5.46,5,10.0,65.0,attempt_knowledge_share,None
137,13,137,38,359.90000000000003,87,8,4.5,5,7.58,31.8,rest,HighStress_Moderate
137,5,137,30,520.0,135,3.2102204409627486,3.14,5,8.47,57.6,rest,None
137,15,137,44,401.0,121,0,3.1,6,9.53,42.7,rest,None
137,10,137,30,249.2,77,0,4.5,5,7.16,35.2,rest,None
137,6,137,32,335.5,82,0,5.66,5,8.1,34.1,strengthen_ties,None
137,14,137,39,194.4,14,2.436566041179101,4.14,4,6.56,8.3,rest,None
137,12,137,20,390.0,87,0.922424024605544,5.74,5,8.38,43.1,seek_help,None
138,6,138,24,339.5,82,0.23286152574720564,5.66,5,8.1,34.1,work_alone,None
138,2,138,34,351.0,106,2.6834736402219113,3.28,5,7.79,46.0,strengthen_ties,None
138,12,138,30,390.0,87,0,5.74,5,8.46,43.1,rest,None
138,16,138,17,367.0,104,2,5.44,5,7.21,43.9,seek_help,None
138,3,138,44,243.0,36,0,3.34,1,10.0,11.6,rest,None
138,14,138,47,194.4,29,-0.5,4.14,4,6.56,8.3,rest,None
138,7,138,45,394.9,86,0,4.02,3,9.39,37.5,rest,None
138,10,138,21,252.2,77,0.2868375818852951,4.5,5,7.16,35.2,work_alone,None
138,15,138,39,401.0,121,0,3.1,6,9.67,42.7,strengthen_ties,None
138,17,138,20,279.0,74,10,3.44,6,7.31,25.0,seek_help,HighStress_Moderate
138,4,138,26,433.8,122,0.16264764050215508,3.9,6,8.69,42.9,strengthen_ties,None
138,18,138,49,608.0,163,0,4.58,8,8.7,63.0,rest,None
138,19,138,25,320.0,72,0,3.24,5,8.91,28.0,attempt_knowledge_share,None
138,1,138,18,307.0,42,3.4743783358365934,2.94,3,6.66,26.6,seek_help,None
138,0,138,11,288.0,69,9,5.22,2,9.1,32.3,rest,HighStress
138,13,138,26,363.40000000000003,87,8.434098518665868,4.5,5,7.58,31.8,work_alone,HighStress_Moderate
138,11,138,28,525.0,140,0,5.46,5,10.0,65.0,strengthen_ties,None
138,5,138,21,525.0,147,2.9655503539069024,3.14,5,8.47,57.6,work_alone,None
138,8,138,22,379.0,122,10,4.82,7,7.38,45.6,seek_help,HighStress_Moderate
138,9,138,28,376.0,80,5.5128905838914575,4.66,4,7.38,43.5,attempt_knowledge_share,None
139,14,139,42,194.4,29,0,4.14,4,6.56,8.3,strengthen_ties,None
139,8,139,12,379.0,122,10,4.82,7,7.23,45.6,seek_help,HighStress
139,6,139,35,339.5,82,0,5.66,5,8.1,34.1,rest,None
139,4,139,21,433.8,122,2.162647640502155,3.9,6,8.53,42.9,seek_help,None
139,10,139,38,252.2,77,0,4.5,5,7.16,35.2,rest,None
139,17,139,30,279.0,74,8,3.44,6,7.31,25.0,rest,HighStress
139,0,139,19,288.0,69,9,5.22,2,9.1,32.3,rest,HighStress
139,3,139,32,243.0,36,0.5,3.34,1,9.5,11.6,attempt_collaboration,None
139,19,139,41,320.0,72,0,3.24,5,8.91,28.0,rest,None
139,7,139,34,394.9,86,0.5,4.02,3,9.22,37.5,attempt_collaboration,None
139,12,139,18,390.0,84,0,5.74,5,8.66,48.6,attempt_knowledge_share,None
139,16,139,21,367.0,104,5,5.54,5,7.3,44.9,seek_help,LowEnergy
139,11,139,19,525.0,140,2,5.46,5,9.8,65.0,seek_help,None
139,1,139,35,307.0,42,2.474378335836594,3.14,3,6.66,26.7,rest,LowEnergy
139,18,139,44,608.0,163,0,4.58,8,8.7,63.0,strengthen_ties,None
139,5,139,16,525.0,147,4.965550353906902,3.14,5,8.27,57.6,seek_help,None
139,13,139,21,363.40000000000003,87,10,4.5,5,7.38,31.8,seek_help,HighStress_Moderate
139,2,139,47,351.0,117,0,3.28,5,7.99,46.0,rest,None
139,15,139,27,401.0,121,0.5,3.1,6,9.59,42.7,attempt_collaboration,None
139,9,139,45,376.0,80,4.5128905838914575,4.66,4,7.44,43.5,rest,None
140,0,140,30,288.0,69,10,5.22,2,9.1,32.3,rest,HighStress
140,19,140,30,320.0,72,0,3.24,5,8.91,28.5,attempt_knowledge_share,None
140,5,140,26,525.0,147,4.965550353906902,3.14,5,8.27,57.6,rest,LowEnergy
140,1,140,44,307.0,42,1.4743783358365938,3.14,3,6.66,26.7,rest,None
140,7,140,27,400.9,86,0.8648420628304704,4.02,3,9.22,37.5,work_alone,None
140,6,140,25,339.5,82,0.5,5.66,5,8.0,34.1,attempt_collaboration,None
140,17,140,21,281.8,74,8.022687494364433,3.44,6,7.31,25.0,work_alone,HighStress_Moderate
140,8,140,19,379.0,122,10,4.82,7,7.23,45.6,rest,HighStress
140,2,140,40,358.0,117,0.4010662732943622,3.28,5,7.99,46.0,work_alone,None
140,12,140,18,390.0,84,3,5.84,5,8.66,49.6,seek_help,LowEnergy
140,16,140,16,367.0,106,6.5,5.54,5,7.3,44.9,seek_help,None
140,13,140,27,363.40000000000003,87,8,4.5,5,7.38,31.8,rest,HighStress
140,15,140,20,401.0,121,2.5,3.1,6,9.51,42.7,seek_help,None
140,18,140,32,612.0,163,0.31292811085997047,4.58,8,8.7,63.0,work_alone,None
140,10,140,28,259.2,77,0.49103087080781976,4.5,5,7.16,35.2,work_alone,None
140,9,140,36,384.0,80,4.870340770442304,4.66,4,7.44,43.5,work_alone,None
140,14,140,33,199.4,30,0,4.14,4,6.56,8.3,work_alone,None
140,11,140,33,525.0,140,1,5.66,5,9.8,65.1,rest,LowEnergy
140,3,140,22,243.0,36,0.5,3.34,1,10.0,12.6,attempt_knowledge_share,None
140,4,140,16,433.8,122,3.162647640502155,3.9,6,8.53,42.9,seek_help,None
141,18,141,21,612.0,155,0.31292811085997047,4.58,8,8.82,76.5,attempt_knowledge_share,None
141,15,141,15,401.0,121,4.5,3.1,6,9.34,42.7,seek_help,None
141,10,141,40,259.2,77,0,4.5,5,7.16,35.2,rest,None
141,7,141,38,400.9,86,0,4.02,3,9.22,37.5,rest,None
141,12,141,27,390.0,84,3,5.84,5,8.66,49.6,rest,LowEnergy
141,6,141,36,339.5,82,0,5.66,5,8.0,34.1,rest,None
141,4,141,33,433.8,122,3.162647640502155,4.1,6,8.53,43.0,rest,LowEnergy
141,1,141,34,332.0,45,1.4743783358365938,3.14,3,6.66,27.6,attempt_collaboration,None
141,14,141,25,206.4,57,0,4.14,4,6.81,8.3,work_alone,None
141,2,141,35,358.0,117,0.4010662732943622,3.28,5,8.38,46.0,strengthen_ties,None
141,3,141,17,243.0,36,2.5,3.34,1,9.0,12.6,seek_help,None
141,17,141,16,281.8,74,9.022687494364433,3.44,6,7.48,25.0,seek_help,HighStress_Moderate
141,13,141,36,363.40000000000003,87,6,4.64,5,7.38,31.9,rest,HighStress_Moderate
141,16,141,25,367.0,106,7.5,5.54,5,7.39,44.9,rest,HighStress_Moderate
141,8,141,25,379.0,122,9,4.82,7,7.23,45.6,rest,HighStress
141,9,141,47,384.0,80,3.8703407704423043,4.66,4,7.44,43.5,rest,None
141,19,141,25,320.0,72,0,3.24,5,9.07,28.5,strengthen_ties,None
141,11,141,32,550.0,143,0,5.66,5,9.8,66.0,rest,None
141,0,141,40,288.0,69,7,5.3,2,9.1,32.4,rest,HighStress
141,5,141,21,525.0,147,5.965550353906902,3.14,5,8.27,57.6,seek_help,None
142,3,142,21,243.0,36,5.5,3.44,1,10.0,13.6,seek_help,LowEnergy
142,2,142,49,358.0,117,0,3.28,5,8.38,46.0,rest,None
142,13,142,46,363.40000000000003,101,2.0,4.64,5,7.78,31.9,rest,None
142,7,142,33,400.9,86,0,4.02,3,9.39,37.5,strengthen_ties,None
142,17,142,20,281.8,74,8.022687494364433,3.44,6,7.48,25.0,rest,HighStress
142,16,142,16,367.0,106,9.5,5.54,5,7.19,44.9,seek_help,HighStress_Moderate
142,14,142,20,206.4,57,2,4.14,4,6.56,8.3,seek_help,None
142,5,142,19,544.0,153,4.965550353906902,3.14,5,8.75,59.4,rest,None
142,8,142,37,379.0,122,7,4.96,7,7.23,45.7,rest,HighStress_Moderate
142,18,142,16,612.0,155,2.3129281108599704,4.58,8,8.7,76.5,seek_help,None
142,19,142,35,320.0,72,0,3.24,5,9.07,28.5,rest,None
142,4,142,18,452.8,128,3.162647640502155,4.1,6,8.86,44.8,attempt_collaboration,None
142,9,142,40,384.0,80,4.370340770442304,4.66,4,7.32,43.5,attempt_knowledge_share,None
142,11,142,22,557.0,143,0.24421459914400662,5.66,5,9.8,66.0,work_alone,None
142,10,142,32,265.2,77,0.19363453669147934,4.5,5,7.16,35.2,work_alone,None
142,15,142,28,401.0,121,3.5,3.1,6,9.34,42.7,rest,LowEnergy
142,6,142,28,339.5,81,0,5.66,5,8.0,37.1,attempt_knowledge_share,None
142,0,142,31,288.0,67,7,5.3,2,9.6,36.4,attempt_knowledge_share,None
142,12,142,37,390.0,84,0,5.84,5,8.66,49.6,rest,None
142,1,142,19,332.0,45,1.9743783358365938,3.14,3,6.5,27.6,attempt_collaboration,None
143,8,143,26,385.0,122,7.206869822718351,4.96,7,7.23,45.7,work_alone,None
143,4,143,13,452.8,128,7.162647640502155,4.1,6,8.69,44.8,seek_help,LowEnergy
143,12,143,28,390.0,84,0,5.84,5,8.85,50.1,attempt_knowledge_share,None
143,3,143,34,243.0,36,4.5,3.44,1,10.0,13.6,rest,None
143,13,143,37,367.40000000000003,112,1.6626719638970116,4.64,5,7.95,31.9,work_alone,None
143,1,143,36,332.0,45,2.974378335836594,3.34,3,6.5,27.7,rest,LowEnergy
143,17,143,36,281.8,74,7.022687494364433,3.58,6,7.48,25.1,rest,HighStress_Moderate
143,10,143,25,272.2,77,0.6485147963592721,4.5,5,7.16,35.2,work_alone,None
143,9,143,57,384.0,80,3.3703407704423043,4.66,4,7.32,43.5,rest,None
143,0,143,19,288.0,64,7,5.3,2,10.0,41.9,attempt_knowledge_share,None
143,7,143,45,400.9,86,0,4.02,3,9.39,37.5,rest,None
143,16,143,23,367.0,106,10,5.54,5,7.19,44.9,rest,HighStress
143,15,143,36,401.0,121,0.5,3.1,6,9.34,42.7,rest,None
143,6,143,44,339.5,81,0,5.66,5,8.0,37.1,rest,None
143,18,143,32,612.0,155,2.3129281108599704,4.78,8,8.7,76.6,rest,LowEnergy
143,2,143,38,383.0,124,0,3.28,5,8.98,47.8,attempt_collaboration,None
143,11,143,33,557.0,143,0,5.66,5,9.8,66.0,rest,None
143,5,143,34,544.0,153,4.965550353906902,3.34,5,8.75,59.5,rest,LowEnergy
143,19,143,32,345.0,78,0,3.24,5,9.21,30.3,rest,None
143,14,143,31,206.4,57,0,4.14,4,6.56,8.3,rest,None
144,17,144,28,281.8,72,7.022687494364433,3.58,6,7.65,29.6,attempt_knowledge_share,HighStress_Moderate
144,19,144,17,357.0,83,0,3.24,5,9.41,31.8,attempt_collaboration,None
144,0,144,36,288.0,75,7.5,5.44,2,10.0,42.0,rest,HighStress_Moderate
144,13,144,29,375.40000000000003,112,2.001554429519087,4.64,5,7.95,31.9,work_alone,None
144,6,144,32,344.5,81,0.4862701186255049,5.66,5,8.0,37.1,work_alone,None
144,15,144,35,413.0,126,0,3.1,6,9.38,44.2,rest,None
144,2,144,30,387.0,124,0.45336928143300204,3.28,5,8.98,47.8,work_alone,None
144,3,144,22,249.0,36,4.783653270125704,3.44,1,10.0,13.6,work_alone,None
144,7,144,33,407.9,86,0.149871020346672,4.02,3,9.39,37.5,work_alone,None
144,10,144,39,272.2,77,0,4.5,5,7.16,35.2,rest,None
144,8,144,21,385.0,122,9.206869822718351,4.96,7,7.09,45.7,seek_help,HighStress_Moderate
144,4,144,24,452.8,128,6.162647640502154,4.1,6,8.69,44.8,rest,HighStress
144,14,144,23,211.4,66,0,4.14,4,6.81,8.3,work_alone,None
144,1,144,25,337.0,45,3.073607389815236,3.34,3,6.5,27.7,work_alone,None
144,11,144,22,557.0,140,0,5.66,5,10.0,71.5,attempt_knowledge_share,None
144,12,144,23,390.0,84,1,5.84,5,8.85,50.1,seek_help,None
144,9,144,46,388.0,80,3.5011953064129333,4.66,4,7.32,43.5,work_alone,None
144,5,144,24,550.0,153,4.977175235055776,3.34,5,8.75,59.5,work_alone,None
144,18,144,22,615.0,155,2.5678287076397104,4.78,8,8.7,76.6,work_alone,None
144,16,144,36,367.0,106,9,5.62,5,7.19,45.0,rest,HighStress
145,10,145,22,272.2,77,0.5,4.5,5,7.06,35.2,attempt_collaboration,None
145,18,145,17,615.0,155,4.567828707639711,4.78,8,8.57,76.6,seek_help,None
145,5,145,19,550.0,153,6.977175235055776,3.34,5,8.55,59.5,seek_help,None
145,16,145,24,367.0,105,9,5.62,5,7.39,48.0,attempt_knowledge_share,HighStress_Moderate
145,11,145,17,557.0,140,2,5.66,5,9.8,71.5,seek_help,None
145,2,145,15,387.0,124,0.953369281433002,3.28,5,8.88,47.8,attempt_collaboration,None
145,1,145,27,350.0,48,1.073607389815236,3.34,3,7.0,28.6,rest,None
145,14,145,35,211.4,66,0,4.14,4,6.81,8.3,rest,None
145,19,145,25,357.0,83,0,3.24,5,9.41,31.8,rest,LowEnergy
145,15,145,22,426.0,129,0,3.1,6,9.6,45.1,attempt_collaboration,None
145,8,145,17,407.0,126,7.206869822718351,5.04,7,7.25,47.0,rest,HighStress
145,9,145,32,410.0,84,3.5011953064129333,4.66,4,7.32,44.7,attempt_collaboration,None
145,12,145,18,390.0,84,3,5.84,5,8.65,50.1,seek_help,None
145,4,145,32,452.8,128,3.162647640502154,4.1,6,8.69,44.8,rest,None
145,0,145,28,292.2,75,7.97071042748275,5.44,2,10.0,42.0,work_alone,HighStress_Moderate
145,17,145,40,281.8,72,5.022687494364433,3.72,6,7.65,29.7,rest,HighStress_Moderate
145,3,145,32,249.0,42,3.283653270125704,3.44,1,10.0,13.6,rest,None
145,6,145,25,347.5,81,0.731610885722408,5.66,5,8.0,37.1,work_alone,None
145,13,145,41,375.40000000000003,112,0.0015544295190870194,4.64,5,7.95,31.9,rest,None
145,7,145,28,407.9,86,0.149871020346672,4.02,3,9.39,37.5,strengthen_ties,None
146,1,146,45,350.0,48,0,3.34,3,7.0,28.6,rest,None
146,0,146,44,292.2,75,4.97071042748275,5.58,2,10.0,42.1,rest,HighStress_Moderate
146,15,146,35,426.0,129,0,3.1,6,9.6,45.1,rest,None
146,14,146,24,218.4,66,0.47469177731211387,4.14,4,6.81,8.3,work_alone,None
146,3,146,27,249.0,42,3.283653270125704,3.44,1,10.0,13.6,strengthen_ties,None
146,8,146,29,407.0,126,6.206869822718351,5.04,7,7.25,47.0,rest,HighStress
146,12,146,26,390.0,84,2,5.84,5,8.65,50.1,rest,LowEnergy
146,10,146,33,272.2,77,0,4.5,5,7.06,35.2,rest,None
146,2,146,26,387.0,124,0.9533692814330021,3.28,5,8.88,47.8,rest,LowEnergy
146,7,146,42,407.9,86,0,4.02,3,9.39,37.5,rest,None
146,18,146,12,615.0,155,8.56782870763971,4.78,8,8.45,76.6,seek_help,LowEnergy
146,6,146,40,347.5,81,0,5.66,5,8.0,37.1,rest,None
146,11,146,26,557.0,140,3,5.66,5,9.8,71.5,rest,LowEnergy
146,4,146,20,452.8,128,3.662647640502154,4.1,6,8.61,44.8,attempt_collaboration,None
146,16,146,32,367.0,105,8,5.76,5,7.39,48.1,rest,HighStress_Moderate
146,9,146,27,410.0,84,3.5011953064129333,4.66,4,7.44,44.7,strengthen_ties,None
146,13,146,55,375.40000000000003,112,0,4.64,5,7.95,31.9,rest,None
146,17,146,48,281.8,72,4.022687494364433,3.72,6,7.65,29.7,rest,None
146,5,146,29,550.0,153,6.977175235055775,3.34,5,8.55,59.5,rest,HighStress_Moderate
146,19,146,20,357.0,83,2,3.24,5,9.21,31.8,seek_help,None
147,8,147,47,407.0,126,4.206869822718351,5.04,7,7.25,47.0,rest,None
147,10,147,23,279.2,77,0.026068795292186087,4.5,5,7.06,35.2,work_alone,None
147,18,147,19,615.0,155,7.567828707639711,4.78,8,8.45,76.6,rest,HighStress
147,7,147,60,407.9,86,0,4.02,3,9.39,37.5,rest,None
147,19,147,34,357.0,83,1,3.24,5,9.21,31.8,rest,None
147,3,147,22,249.0,42,5.283653270125704,3.44,1,9.0,13.6,seek_help,None
147,16,147,25,370.5,105,8.364035530128541,5.76,5,7.39,48.1,work_alone,HighStress_Moderate
147,15,147,50,426.0,129,0,3.1,6,9.6,45.1,rest,None
147,17,147,36,281.8,69,4.022687494364433,3.72,6,7.81,36.2,attempt_knowledge_share,None
147,5,147,46,550.0,153,5.977175235055775,3.34,5,8.55,59.5,rest,None
147,4,147,33,452.8,128,2.662647640502154,4.1,6,8.61,44.8,rest,None
147,12,147,34,390.0,84,0,5.84,5,8.65,50.1,rest,None
147,9,147,37,410.0,84,0.5011953064129333,4.66,4,7.44,44.7,rest,None
147,14,147,32,218.4,66,0,4.14,4,6.81,8.3,rest,None
147,1,147,29,350.0,48,0.5,3.34,3,6.83,28.6,attempt_collaboration,None
147,0,147,28,310.2,77,4.97071042748275,5.58,2,10.0,42.7,attempt_collaboration,None
147,6,147,53,347.5,81,0,5.66,5,8.0,37.1,rest,None
147,11,147,21,557.0,140,5,5.66,5,9.6,71.5,seek_help,None
147,13,147,36,400.40000000000003,127,0,4.64,5,8.15,32.5,work_alone,None
147,2,147,44,387.0,124,0,3.28,5,8.88,47.8,rest,None
148,5,148,35,556.0,153,6.4254920693312485,3.34,5,8.55,59.5,work_alone,None
148,4,148,43,452.8,128,1.6626476405021542,4.1,6,8.61,44.8,rest,None
148,19,148,24,360.0,83,1.2709429953517306,3.24,5,9.21,31.8,work_alone,None
148,12,148,22,390.0,80,0,5.84,5,8.65,57.1,attempt_knowledge_share,None
148,18,148,25,615.0,155,7.567828707639711,4.78,8,8.45,76.6,rest,HighStress
148,13,148,46,400.40000000000003,127,0,4.64,5,8.15,32.5,rest,None
148,17,148,26,285.8,84,3.8462614578200345,3.72,6,7.81,36.2,work_alone,None
148,7,148,76,407.9,86,0,4.02,3,9.39,37.5,rest,None
148,9,148,27,416.0,84,0.6514367840270983,4.66,4,7.44,44.7,work_alone,None
148,0,148,23,310.2,77,6.97071042748275,5.58,2,9.5,42.7,seek_help,None
148,3,148,17,249.0,42,7.283653270125704,3.44,1,8.0,13.6,seek_help,None
148,10,148,32,279.2,77,0,4.5,5,7.06,35.2,rest,None
148,14,148,46,218.4,66,0,4.14,4,6.81,8.3,rest,None
148,8,148,42,407.0,126,4.206869822718351,5.04,7,7.25,47.0,strengthen_ties,None
148,11,148,39,557.0,154,3.5,5.66,5,9.6,71.5,rest,None
148,6,148,45,347.5,77,0,5.66,5,8.0,44.6,attempt_knowledge_share,None
148,1,148,42,350.0,48,0,3.34,3,6.83,28.6,rest,None
148,15,148,39,434.0,129,0.4242862413545344,3.1,6,9.6,45.1,work_alone,None
148,2,148,35,387.0,124,0.5,3.28,5,8.78,47.8,attempt_knowledge_share,None
148,16,148,40,370.5,105,5.364035530128541,5.9,5,7.39,48.2,rest,HighStress_Moderate
149,13,149,41,400.40000000000003,127,0,4.64,5,8.41,32.5,strengthen_ties,None
149,8,149,34,412.0,126,4.538648619968892,5.04,7,7.25,47.0,work_alone,None
149,2,149,23,387.0,124,1.0,3.28,5,8.68,47.8,attempt_knowledge_share,None
149,3,149,7,249.0,42,10,3.44,1,9.5,13.6,seek_help,HighStress
149,18,149,26,633.0,157,4.567828707639711,4.92,8,8.57,77.3,rest,HighStress_Moderate
149,4,149,34,459.8,128,1.9624513569016244,4.1,6,8.69,44.8,work_alone,None
149,0,149,41,310.2,77,3.97071042748275,5.58,2,9.5,42.7,rest,None
149,12,149,17,390.0,80,1,5.84,5,8.65,57.1,seek_help,None
149,10,149,40,279.2,77,0,4.5,5,7.06,35.2,rest,None
149,9,149,42,416.0,84,0,4.66,4,7.44,44.7,rest,None
149,19,149,39,360.0,83,0,3.24,5,9.21,31.8,rest,None
149,16,149,50,370.5,105,3.3640355301285414,5.9,5,7.39,48.2,rest,None
149,5,149,24,559.0,153,6.623133051087651,3.34,5,8.55,59.5,work_alone,None
149,11,149,30,560.0,154,3.6735088519450465,5.66,5,9.6,71.5,work_alone,None
149,15,149,31,437.0,129,0.8733091120400261,3.1,6,9.6,45.1,work_alone,None
149,17,149,36,285.8,84,0.8462614578200345,3.72,6,7.86,36.2,rest,None
149,1,149,34,356.0,48,0.4820488788359964,3.34,3,6.83,28.6,work_alone,None
149,14,149,34,225.4,66,0.1049838620335864,4.14,4,6.81,8.3,work_alone,None
149,6,149,34,365.5,79,0,5.66,5,8.0,45.2,attempt_collaboration,None
149,7,149,60,407.9,86,0.5,4.02,3,9.22,37.5,attempt_collaboration,None
150,16,150,34,385.5,107,3.3640355301285414,5.9,5,7.99,57.5,attempt_knowledge_share,None
150,4,150,48,459.8,128,0.9624513569016244,4.1,6,8.69,44.8,rest,None
150,17,150,25,288.8,84,1.3315894198613205,3.72,6,7.86,36.2,work_alone,None
150,8,150,23,427.0,147,4.038648619968892,5.04,7,7.68,48.8,attempt_collaboration,None
150,14,150,21,249.4,68,0.1049838620335864,4.14,4,7.31,8.9,attempt_collaboration,None
150,13,150,52,400.40000000000003,136,-0.5,4.64,5,8.41,32.5,rest,None
150,7,150,51,407.9,83,0.5,4.02,4,7.42,43.5,attempt_knowledge_share,None
150,11,150,18,560.0,153,3.6735088519450465,5.66,5,9.8,74.5,attempt_knowledge_share,None
150,12,150,26,390.0,80,0,5.84,6,7.38,57.1,rest,LowEnergy
150,6,150,35,389.5,81,0,5.66,5,8.4,45.8,rest,None
150,0,150,32,310.2,75,3.97071042748275,5.58,3,7.0,47.2,attempt_knowledge_share,None
150,19,150,30,365.0,83,0.24693655771761858,3.24,5,9.21,31.8,work_alone,None
150,18,150,40,633.0,157,1.5678287076397108,4.92,8,8.57,77.3,rest,None
150,1,150,29,356.0,48,0.4820488788359964,3.34,4,5.8,28.6,strengthen_ties,None
150,2,150,18,387.0,124,3.0,3.28,5,8.48,47.8,seek_help,None
150,10,150,52,279.2,77,0,4.5,5,7.06,35.2,rest,None
150,5,150,42,559.0,159,4.123133051087651,3.34,5,8.75,59.5,rest,None
150,9,150,37,416.0,84,0,4.66,4,7.5,44.7,strengthen_ties,None
150,3,150,1,249.0,42,10,3.44,1,10.0,13.6,seek_help,HighStress
150,15,150,22,445.0,141,0.5029934828474053,3.1,6,9.72,45.1,work_alone,None
151,13,151,36,410.40000000000003,141,0,4.64,5,8.49,34.0,attempt_collaboration,None
151,1,151,37,356.0,48,0,3.34,4,5.8,28.6,rest,None
151,19,151,21,369.0,83,0.5350227470509108,3.24,5,9.21,31.8,work_alone,None
151,0,151,39,320.2,80,0.97071042748275,5.58,3,7.0,48.7,rest,None
151,3,151,1,249.0,42,10,3.44,1,10.0,13.6,seek_help,HighStress
151,10,151,42,279.2,74,0,4.5,5,7.26,40.7,attempt_knowledge_share,None
151,5,151,37,559.0,159,4.123133051087651,3.34,5,9.03,59.5,strengthen_ties,None
151,8,151,18,427.0,147,6.038648619968892,5.04,7,7.54,48.8,seek_help,None
151,14,151,36,249.4,68,0,4.14,4,7.31,8.9,rest,None
151,16,151,29,385.5,107,3.3640355301285414,5.9,5,8.1,57.5,strengthen_ties,None
151,15,151,34,445.0,141,0,3.1,6,9.72,45.1,rest,None
151,6,151,30,389.5,81,0,5.66,5,8.4,45.8,strengthen_ties,None
151,4,151,36,462.8,128,1.2599044218168032,4.1,6,8.85,44.8,work_alone,None
151,2,151,13,387.0,124,7.0,3.28,5,8.28,47.8,seek_help,LowEnergy
151,17,151,38,288.8,84,0,3.72,6,7.86,36.2,rest,None
151,9,151,20,416.0,84,0.5,4.66,4,7.37,44.7,attempt_collaboration,None
151,11,151,13,560.0,153,7.673508851945046,5.66,5,9.6,74.5,seek_help,LowEnergy
151,18,151,55,633.0,168,0,4.92,8,8.7,77.3,rest,None
151,7,151,46,407.9,83,0.5,4.02,4,7.42,43.5,strengthen_ties,None
151,12,151,21,390.0,80,1,5.84,6,7.38,57.1,seek_help,None
152,3,152,12,249.0,42,10,3.44,1,10.0,13.6,rest,HighStress
152,14,152,31,249.4,68,0,4.14,4,7.63,8.9,strengthen_ties,None
152,19,152,31,369.0,83,0,3.24,5,9.21,31.8,rest,None
152,4,152,51,462.8,128,0,4.1,6,8.85,44.8,rest,None
152,16,152,37,385.5,107,2.3640355301285414,5.9,5,8.1,57.5,rest,None
152,10,152,30,287.2,74,0.23277495366289452,4.5,5,7.26,40.7,work_alone,None
152,15,152,21,465.0,147,0,3.1,6,9.83,46.9,attempt_collaboration,None
152,2,152,28,387.0,124,6.0,3.28,5,8.28,47.8,rest,HighStress_Moderate
152,1,152,25,356.0,48,0.5,3.34,4,5.68,28.6,attempt_collaboration,None
152,7,152,57,407.9,93,-0.5,4.02,4,7.67,43.5,rest,None
152,11,152,23,560.0,153,8.673508851945046,5.66,5,9.6,74.5,rest,HighStress
152,13,152,29,418.40000000000003,141,0.4773433377044482,4.64,5,8.49,34.0,work_alone,None
152,9,152,33,416.0,84,0,4.66,4,7.37,44.7,rest,None
152,8,152,34,427.0,147,6.0386486199688925,5.18,7,7.54,48.9,rest,HighStress_Moderate
152,5,152,30,564.0,159,4.565311971189021,3.34,5,9.03,59.5,work_alone,None
152,0,152,57,320.2,80,0,5.58,3,7.0,48.7,rest,None
152,12,152,16,390.0,80,2,5.84,6,7.38,57.1,seek_help,None
152,17,152,34,308.8,90,0,3.72,6,8.2,38.0,rest,None
152,6,152,23,393.5,81,0.07987804187282205,5.66,5,8.4,45.8,work_alone,None
152,18,152,43,633.0,165,0,4.92,8,8.76,82.3,attempt_knowledge_share,None
153,3,153,18,249.0,42,10,3.44,1,10.0,13.6,rest,HighStress
153,8,153,29,427.0,147,6.0386486199688925,5.18,7,7.73,48.9,strengthen_ties,None
153,19,153,47,369.0,83,0,3.24,5,9.21,31.8,rest,None
153,18,153,29,654.0,169,0,4.92,8,8.76,83.5,attempt_collaboration,None
153,12,153,34,390.0,80,2,6.04,6,7.38,57.2,rest,LowEnergy
153,16,153,27,385.5,101,2.3640355301285414,5.9,5,8.3,68.0,attempt_knowledge_share,None
153,7,153,72,407.9,93,0,4.02,4,7.67,43.5,rest,None
153,1,153,36,356.0,48,0,3.34,4,5.77,28.6,rest,None
153,4,153,30,489.8,132,0.1372302971204365,4.1,6,9.04,46.0,work_alone,None
153,13,153,40,418.40000000000003,141,0,4.64,5,8.49,34.0,rest,None
153,14,153,26,249.4,68,0,4.14,4,7.63,8.9,strengthen_ties,None
153,17,153,25,308.8,90,0.5,3.72,6,8.11,38.0,attempt_knowledge_share,None
153,15,153,34,465.0,147,0,3.1,6,9.83,46.9,rest,None
153,5,153,17,564.0,159,5.065311971189021,3.34,5,8.93,59.5,attempt_collaboration,None
153,0,153,47,323.2,80,0.20817394680058676,5.58,3,7.0,48.7,work_alone,None
153,10,153,38,287.2,74,0,4.5,5,7.26,40.7,rest,None
153,6,153,40,393.5,81,0,5.66,5,8.4,45.8,rest,None
153,11,153,31,560.0,174,7.173508851945046,5.8,5,9.6,74.6,rest,HighStress_Moderate
153,9,153,28,416.0,84,0,4.66,4,7.64,44.7,strengthen_ties,None
153,2,153,43,387.0,124,3.0,3.28,5,8.28,47.8,rest,None
154,9,154,43,416.0,84,0,4.66,4,7.64,44.7,rest,None
154,17,154,34,325.8,93,0,3.72,6,8.51,38.9,rest,None
154,3,154,30,249.0,42,10,3.44,1,10.0,13.6,rest,HighStress
154,12,154,34,408.0,86,1,6.04,6,7.54,59.0,rest,None
154,1,154,23,356.0,48,1,3.34,4,5.65,28.6,strengthen_ties,None
154,2,154,61,387.0,124,0,3.28,5,8.28,47.8,rest,None
154,10,154,28,287.2,74,0.5,4.5,5,7.16,40.7,attempt_collaboration,None
154,16,154,44,385.5,101,1.3640355301285414,5.9,5,8.3,68.0,rest,None
154,4,154,20,506.8,135,0.1372302971204365,4.1,6,9.38,46.9,attempt_collaboration,None
154,6,154,57,393.5,81,0,5.66,5,8.4,45.8,rest,None
154,8,154,45,427.0,147,4.0386486199688925,5.18,7,7.73,48.9,rest,None
154,11,154,46,560.0,174,5.173508851945046,5.94,5,9.6,74.7,rest,HighStress_Moderate
154,13,154,28,418.40000000000003,141,0.5,4.64,5,8.39,34.0,attempt_knowledge_share,None
154,18,154,39,654.0,169,0,4.92,8,8.76,83.5,rest,None
154,5,154,12,564.0,159,9.065311971189022,3.34,5,8.73,59.5,seek_help,HighStress_Moderate
154,7,154,59,407.9,93,0.5,4.02,4,7.54,43.5,attempt_collaboration,None
154,0,154,33,323.2,80,1.2081739468005868,5.58,3,6.67,48.7,attempt_collaboration,None
154,15,154,20,483.0,153,0,3.1,6,9.83,48.7,attempt_collaboration,None
154,14,154,21,249.4,68,1,4.14,4,7.63,8.9,seek_help,None
154,19,154,56,369.0,83,0,3.24,5,9.21,31.8,rest,None
155,0,155,42,323.2,95,-0.5,5.58,3,7.0,48.7,rest,None
155,5,155,17,564.0,159,9.065311971189022,3.34,5,8.73,59.5,rest,HighStress
155,10,155,44,287.2,74,0,4.5,5,7.16,40.7,rest,None
155,6,155,50,396.5,81,0.10901701371629519,5.66,5,8.4,45.8,work_alone,None
155,2,155,49,391.0,124,0.4841603152267806,3.28,5,8.28,47.8,work_alone,None
155,4,155,38,506.8,135,0,4.1,6,9.38,46.9,rest,None
155,3,155,20,249.0,42,10,3.44,1,10.0,13.6,seek_help,HighStress
155,1,155,41,356.0,48,0,3.34,4,5.65,28.6,rest,None
155,16,155,34,393.5,101,1.4773680106493023,5.9,5,8.3,68.0,work_alone,None
155,14,155,16,249.4,68,2,4.14,4,7.63,8.9,seek_help,None
155,11,155,38,560.0,170,5.173508851945046,5.94,5,9.8,82.2,attempt_knowledge_share,None
155,17,155,24,325.8,90,0,3.72,6,8.67,45.4,attempt_knowledge_share,None
155,13,155,46,418.40000000000003,141,0,4.64,5,8.43,34.0,rest,None
155,7,155,48,410.9,93,0.8172860925794657,4.02,4,7.54,43.5,work_alone,None
155,19,155,51,369.0,83,0,3.24,5,9.4,31.8,strengthen_ties,None
155,12,155,22,412.0,86,1.4026615387118073,6.04,6,7.54,59.0,work_alone,None
155,8,155,56,427.0,147,3.0386486199688925,5.18,7,7.73,48.9,rest,None
155,18,155,28,660.0,182,0,4.92,8,8.89,83.5,work_alone,None
155,15,155,29,483.0,153,0,3.1,6,9.83,48.7,rest,None
155,9,155,31,422.0,84,0.3081987195235624,4.66,4,7.64,44.7,work_alone,None
156,1,156,29,356.0,46,0,3.34,4,5.65,33.1,attempt_knowledge_share,None
156,7,156,57,410.9,93,0,4.02,4,7.54,43.5,rest,None
156,15,156,24,483.0,162,1.5,3.1,6,9.67,48.7,seek_help,None
156,11,156,27,560.0,169,5.173508851945046,5.94,5,10.0,84.7,attempt_knowledge_share,None
156,17,156,19,325.8,90,2,3.72,6,8.51,45.4,seek_help,None
156,0,156,37,323.2,95,0,5.58,3,7.0,48.7,strengthen_ties,None
156,12,156,40,412.0,86,0,6.04,6,7.54,59.0,rest,None
156,14,156,32,249.4,68,3,4.34,4,7.63,9.0,rest,LowEnergy
156,10,156,37,292.2,74,0.1863584130199265,4.5,5,7.16,40.7,work_alone,None
156,18,156,23,660.0,182,2,4.92,8,8.76,83.5,seek_help,None
156,6,156,37,420.5,87,0.10901701371629519,5.66,5,8.4,47.6,strengthen_ties,None
156,3,156,10,249.0,42,10,3.44,1,10.0,13.6,seek_help,HighStress
156,19,156,46,369.0,83,0,3.24,5,9.4,31.8,strengthen_ties,None
156,8,156,45,427.0,144,3.0386486199688925,5.18,7,7.73,53.9,attempt_knowledge_share,None
156,4,156,24,530.8,141,0,4.1,6,9.39,48.7,attempt_collaboration,None
156,16,156,29,393.5,111,0.9773680106493023,5.9,5,8.49,68.0,strengthen_ties,None
156,13,156,58,418.40000000000003,141,0,4.64,5,8.55,34.0,rest,None
156,2,156,59,391.0,124,0,3.28,5,8.28,47.8,rest,None
156,9,156,22,430.0,84,0.3405842493587623,4.66,4,7.64,44.7,work_alone,None
156,5,156,7,564.0,164,10,3.34,5,8.63,59.5,seek_help,HighStress
157,17,157,36,325.8,90,2,3.92,6,8.51,45.5,rest,LowEnergy
157,12,157,20,428.0,92,0.3534801318827715,6.04,6,7.54,60.8,work_alone,None
157,3,157,1,249.0,42,10,3.44,1,10.0,13.6,seek_help,HighStress
157,19,157,31,369.0,83,0.5,3.24,5,9.3,31.8,attempt_collaboration,None
157,6,157,32,420.5,87,0.10901701371629519,5.66,5,8.4,47.6,strengthen_ties,None
157,9,157,34,430.0,84,0,4.66,4,7.64,44.7,rest,None
157,8,157,35,432.0,144,3.262141376884498,5.18,7,7.73,53.9,work_alone,None
157,16,157,24,393.5,111,2.977368010649302,5.9,5,8.29,68.0,seek_help,None
157,18,157,36,660.0,182,0,4.92,8,8.76,83.5,rest,None
157,2,157,46,403.0,130,0,3.28,5,8.68,49.6,attempt_collaboration,None
157,13,157,72,418.40000000000003,141,0,4.64,5,8.55,34.0,rest,None
157,5,157,10,564.0,164,9,3.34,5,8.63,59.5,rest,HighStress
157,7,157,50,410.9,93,0.5,4.02,4,7.42,43.5,attempt_knowledge_share,None
157,15,157,19,483.0,162,3.5,3.1,6,9.5,48.7,seek_help,None
157,0,157,27,330.2,95,0.4776220514427166,5.58,3,7.0,48.7,work_alone,None
157,14,157,40,249.4,68,2,4.34,4,7.63,9.0,rest,None
157,1,157,40,356.0,46,0,3.34,4,5.65,33.1,rest,None
157,10,157,25,297.2,74,0.3511012744741149,4.5,5,7.16,40.7,work_alone,None
157,4,157,42,530.8,141,0,4.1,6,9.39,48.7,rest,None
157,11,157,22,560.0,169,7.173508851945046,5.94,5,9.8,84.7,seek_help,None
158,7,158,35,421.9,97,0.5,4.02,4,7.62,45.2,attempt_knowledge_share,None
158,9,158,29,430.0,84,0,4.66,4,7.76,44.7,strengthen_ties,None
158,12,158,36,428.0,92,0,6.04,6,7.57,60.8,rest,None
158,5,158,23,564.0,164,9,3.34,5,8.63,59.5,rest,HighStress
158,11,158,32,560.0,169,5.173508851945046,6.08,5,9.8,84.8,rest,HighStress_Moderate
158,15,158,31,483.0,163,4.0,3.3,6,9.67,48.8,rest,LowEnergy
158,18,158,21,671.0,193,-0.5,4.92,8,8.89,84.7,attempt_collaboration,None
158,3,158,11,249.0,42,10,3.44,1,10.0,13.6,rest,HighStress
158,10,158,40,297.2,74,0,4.5,5,7.22,40.7,rest,None
158,0,158,41,330.2,95,0,5.58,3,7.0,48.7,rest,None
158,1,158,32,360.0,46,0.24543281868757416,3.34,4,5.65,33.1,work_alone,None
158,6,158,42,439.5,89,0,5.66,5,8.4,48.2,rest,None
158,17,158,23,344.8,92,2,3.92,6,8.51,46.1,attempt_collaboration,None
158,8,158,30,432.0,144,3.262141376884498,5.18,7,7.99,53.9,strengthen_ties,None
158,19,158,26,369.0,83,0.5,3.24,5,9.46,31.8,strengthen_ties,None
158,2,158,39,403.0,128,0,3.28,5,8.88,53.1,attempt_knowledge_share,None
158,14,158,25,249.4,68,2.5,4.34,4,7.51,9.0,attempt_collaboration,None
158,16,158,19,393.5,111,4.977368010649302,5.9,5,8.09,68.0,seek_help,None
158,13,158,56,418.40000000000003,141,0.5,4.64,5,8.45,34.0,attempt_collaboration,None
158,4,158,37,530.8,141,0,4.1,6,9.39,48.7,strengthen_ties,None
159,12,159,29,431.0,92,0.2752959945251957,6.04,6,7.57,60.8,work_alone,None
159,16,159,37,393.5,111,4.977368010649302,6.1,5,8.19,68.1,rest,LowEnergy
159,5,159,18,564.0,164,10,3.34,5,8.43,59.5,seek_help,HighStress_Moderate
159,17,159,18,344.8,92,3,3.92,6,8.51,46.1,seek_help,None
159,14,159,20,249.4,68,4.5,4.34,4,7.26,9.0,seek_help,None
159,18,159,38,671.0,193,0,4.92,8,8.89,84.7,rest,None
159,8,159,25,432.0,144,3.262141376884498,5.18,7,8.12,53.9,strengthen_ties,None
159,9,159,24,430.0,84,2,4.66,4,7.54,44.7,seek_help,None
159,6,159,35,446.5,89,0.0517078579959504,5.66,5,8.4,48.2,work_alone,None
159,4,159,28,536.8,141,0.4780533197983527,4.1,6,9.39,48.7,work_alone,None
159,19,159,36,369.0,83,0,3.24,5,9.53,31.8,rest,None
159,11,159,16,560.0,169,5.673508851945046,6.08,5,9.7,84.8,attempt_collaboration,None
159,15,159,26,483.0,163,4.0,3.3,6,9.67,48.8,strengthen_ties,None
159,13,159,44,425.40000000000003,141,0.6746608077783454,4.64,5,8.45,34.0,work_alone,None
159,3,159,1,249.0,42,10,3.44,1,10.0,13.6,seek_help,HighStress
159,1,159,27,360.0,46,0.24543281868757416,3.34,4,5.79,33.1,strengthen_ties,None
159,2,159,17,424.0,134,0.36926282887904777,3.28,5,9.15,54.9,work_alone,None
159,0,159,31,330.2,95,0.5,5.58,3,6.83,48.7,attempt_knowledge_share,None
159,10,159,29,310.2,80,0,4.5,5,7.43,42.5,attempt_collaboration,None
159,7,159,25,425.9,97,0.6233449576267605,4.02,4,7.62,45.2,work_alone,None
160,2,160,12,424.0,134,4.369262828879048,3.28,5,8.95,54.9,seek_help,LowEnergy
160,0,160,20,343.2,99,0.5,5.58,3,6.83,49.9,attempt_collaboration,None
160,18,160,18,690.0,197,0,4.92,8,9.01,85.9,strengthen_ties,None
160,3,160,1,249.0,42,10,3.44,2,6.5,13.6,seek_help,HighStress
160,12,160,39,431.0,92,0,6.04,6,7.57,60.8,rest,None
160,8,160,20,432.0,144,5.2621413768844985,5.18,7,7.98,53.9,seek_help,None
160,14,160,32,249.4,68,2.5,4.34,4,7.26,9.0,rest,None
160,4,160,23,536.8,141,2.4780533197983527,4.1,6,9.22,48.7,seek_help,None
160,9,160,33,430.0,84,1,4.66,4,7.54,44.7,rest,None
160,15,160,21,483.0,163,6.0,3.3,6,9.5,48.8,seek_help,None
160,17,160,22,344.8,92,6,4.02,6,8.51,47.1,seek_help,LowEnergy
160,1,160,22,360.0,46,2.2454328186875743,3.34,4,5.54,33.1,seek_help,None
160,7,160,43,425.9,97,0,4.02,5,6.7,45.2,rest,None
160,6,160,20,465.5,93,0.0517078579959504,5.66,5,8.4,49.4,attempt_collaboration,None
160,11,160,11,560.0,169,9.673508851945046,6.08,5,9.5,84.8,seek_help,HighStress_Moderate
160,10,160,45,310.2,80,0,4.5,4,9.4,42.5,rest,None
160,5,160,27,564.0,164,10,3.34,5,8.43,59.5,rest,HighStress
160,13,160,44,438.40000000000003,145,0,4.64,5,8.45,35.2,rest,None
160,16,160,30,393.5,111,5.477368010649302,6.1,5,8.19,68.1,attempt_knowledge_share,None
160,19,160,45,369.0,83,0,3.24,5,9.53,31.8,rest,None
161,11,161,21,560.0,169,9.673508851945046,6.08,5,9.5,84.8,rest,HighStress
161,13,161,35,438.40000000000003,145,0,4.64,5,8.49,35.7,attempt_knowledge_share,None
161,19,161,28,392.0,85,0,3.24,5,9.77,32.4,attempt_collaboration,None
161,16,161,20,393.5,111,5.977368010649302,6.1,5,8.09,68.1,attempt_collaboration,None
161,7,161,32,425.9,97,0.5,4.02,5,6.6,45.2,attempt_knowledge_share,None
161,10,161,30,333.2,82,0,4.5,4,9.75,43.1,strengthen_ties,None
161,3,161,11,249.0,42,10,3.44,2,6.5,13.6,rest,HighStress
161,6,161,28,465.5,94,0,5.66,5,8.4,49.4,rest,None
161,0,161,28,343.2,99,0,5.58,3,6.83,49.9,rest,None
161,8,161,15,432.0,144,7.2621413768844985,5.18,7,7.83,53.9,seek_help,None
161,2,161,23,424.0,134,4.369262828879048,3.28,5,8.95,54.9,rest,LowEnergy
161,18,161,29,690.0,197,1,4.92,8,9.01,85.9,rest,LowEnergy
161,4,161,18,536.8,141,4.478053319798352,4.1,6,9.06,48.7,seek_help,None
161,1,161,40,360.0,46,0.24543281868757427,3.34,4,5.54,33.1,rest,None
161,9,161,43,430.0,84,0,4.66,4,7.54,44.7,rest,None
161,14,161,22,249.4,67,2.5,4.34,4,7.51,12.0,attempt_knowledge_share,None
161,15,161,32,483.0,163,3.0,3.3,6,9.5,48.8,rest,None
161,12,161,48,431.0,92,0,6.04,6,7.57,60.8,rest,None
161,17,161,17,344.8,98,7.5,4.02,6,8.51,47.1,seek_help,None
161,5,161,39,564.0,164,9,3.42,5,8.43,59.6,rest,HighStress
162,9,162,38,430.0,84,0,4.66,4,7.9,44.7,strengthen_ties,None
162,17,162,23,344.8,98,8.5,4.02,6,8.51,47.1,rest,HighStress
162,6,162,40,465.5,94,0,5.66,5,8.4,49.4,rest,None
162,0,162,42,343.2,99,0,5.58,3,6.83,49.9,rest,None
162,10,162,15,333.2,82,0.5,4.5,4,9.62,43.1,attempt_collaboration,None
162,16,162,15,393.5,111,7.977368010649302,6.1,5,7.89,68.1,seek_help,None
162,3,162,14,249.0,42,9,3.44,2,6.5,13.6,rest,HighStress
162,7,162,20,425.9,97,1.0,4.02,5,6.57,45.2,attempt_knowledge_share,None
162,5,162,22,564.0,164,9.5,3.42,5,8.33,59.6,attempt_collaboration,HighStress_Moderate
162,18,162,37,690.0,197,0,4.92,8,9.01,85.9,rest,None
162,1,162,33,368.0,46,0.4810333694457303,3.34,4,5.63,33.1,work_alone,None
162,14,162,36,249.4,67,1.5,4.34,4,7.51,12.0,rest,None
162,8,162,28,432.0,144,8.262141376884498,5.18,7,7.83,53.9,rest,HighStress
162,13,162,26,445.40000000000003,145,0.2791241488156613,4.64,5,8.49,35.7,work_alone,None
162,15,162,20,491.0,163,3.2090617471093745,3.3,6,9.5,48.8,work_alone,None
162,4,162,27,536.8,141,5.478053319798352,4.1,6,9.06,48.7,rest,LowEnergy
162,19,162,38,392.0,85,0,3.24,5,9.77,32.4,rest,None
162,2,162,40,424.0,134,3.369262828879048,3.28,5,8.95,54.9,rest,None
162,12,162,43,431.0,92,0,6.04,6,7.66,60.8,strengthen_ties,None
162,11,162,34,560.0,169,8.673508851945046,6.16,5,9.5,84.9,rest,HighStress
163,18,163,32,690.0,197,0,4.92,8,9.15,85.9,strengthen_ties,None
163,8,163,38,432.0,144,6.2621413768844985,5.32,7,7.83,54.0,rest,HighStress_Moderate
163,19,163,30,400.0,85,0.024141698190092098,3.24,5,9.77,32.4,work_alone,None
163,4,163,22,536.8,141,7.478053319798352,4.1,6,8.89,48.7,seek_help,None
163,9,163,49,430.0,84,0,4.66,4,8.02,44.7,rest,None
163,10,163,23,333.2,82,0,4.5,4,9.62,43.1,rest,LowEnergy
163,14,163,31,249.4,67,1.5,4.34,4,7.66,12.0,strengthen_ties,None
163,7,163,15,425.9,97,3.0,4.02,5,6.37,45.2,seek_help,None
163,2,163,29,424.0,134,3.869262828879048,3.28,5,8.85,54.9,attempt_knowledge_share,None
163,17,163,18,344.8,98,9.5,4.02,6,8.51,47.1,seek_help,HighStress_Moderate
163,11,163,25,563.5,169,8.837263577419073,6.16,5,9.5,84.9,work_alone,HighStress_Moderate
163,6,163,31,472.5,94,0.06200150465567977,5.66,5,8.4,49.4,work_alone,None
163,16,163,28,393.5,111,8.977368010649302,6.1,5,7.89,68.1,rest,HighStress
163,3,163,18,249.0,42,10,3.44,2,6.5,13.6,rest,HighStress
163,13,163,39,445.40000000000003,145,0,4.64,5,8.49,35.7,rest,None
163,12,163,31,431.0,92,0.5,6.04,6,7.58,60.8,attempt_collaboration,None
163,1,163,26,368.0,46,0.9810333694457303,3.34,4,5.5,33.1,attempt_knowledge_share,None
163,0,163,32,347.2,99,0.2784011022295378,5.58,3,6.83,49.9,work_alone,None
163,5,163,12,564.0,164,10,3.42,5,8.13,59.6,seek_help,HighStress
163,15,163,31,491.0,163,1.2090617471093745,3.3,6,9.5,48.8,rest,None
164,14,164,23,249.4,67,1.5,4.34,4,7.66,13.0,attempt_knowledge_share,None
164,8,164,28,432.0,144,6.7621413768844985,5.32,7,7.76,54.0,attempt_knowledge_share,None
164,4,164,24,559.8,144,4.478053319798352,4.24,6,9.06,49.7,rest,HighStress_Moderate
164,2,164,24,424.0,134,5.869262828879048,3.28,5,8.65,54.9,seek_help,None
164,7,164,20,425.9,97,6.0,4.12,5,6.43,46.2,seek_help,LowEnergy
164,9,164,44,430.0,84,0,4.66,4,8.02,44.7,strengthen_ties,None
164,1,164,21,368.0,46,2.98103336944573,3.34,4,5.25,33.1,seek_help,None
164,12,164,19,454.0,95,0.5,6.04,6,7.58,61.7,attempt_collaboration,None
164,18,164,22,690.0,197,2,4.92,8,9.02,85.9,seek_help,None
164,17,164,8,344.8,98,10,4.02,6,8.51,47.1,seek_help,HighStress
164,6,164,26,472.5,112,-0.4379984953443202,5.66,5,8.4,49.4,strengthen_ties,None
164,16,164,39,393.5,111,5.977368010649302,6.24,5,7.89,68.2,rest,HighStress_Moderate
164,19,164,18,403.0,87,0,3.24,5,9.77,32.4,work_alone,None
164,13,164,27,445.40000000000003,146,-0.5,4.64,5,8.49,44.7,attempt_knowledge_share,None
164,5,164,16,564.0,164,10,3.42,5,8.22,59.6,rest,HighStress
164,10,164,35,333.2,82,0,4.5,4,9.62,43.1,rest,None
164,15,164,26,491.0,163,1.2090617471093745,3.3,6,9.6,48.8,strengthen_ties,None
164,0,164,23,347.2,98,0.2784011022295378,5.58,3,6.83,52.9,attempt_knowledge_share,None
164,3,164,28,249.0,42,10,3.44,2,6.5,13.6,rest,HighStress
164,11,164,41,563.5,169,7.837263577419073,6.3,5,9.5,85.0,rest,HighStress_Moderate
165,11,165,33,563.5,169,7.837263577419073,6.3,5,9.7,85.5,attempt_knowledge_share,HighStress_Moderate
165,17,165,1,344.8,98,10,4.02,6,8.51,47.1,seek_help,HighStress
165,4,165,37,559.8,144,2.4780533197983523,4.24,6,9.14,49.7,rest,None
165,9,165,35,435.0,84,0.023944677991055652,4.66,4,8.02,44.7,work_alone,None
165,12,165,28,454.0,95,0.5,6.04,6,7.58,61.7,rest,LowEnergy
165,6,165,21,472.5,112,0.5620015046556798,5.66,5,8.4,49.4,seek_help,None
165,14,165,34,249.4,67,0.5,4.34,4,7.66,13.0,rest,None
165,1,165,32,368.0,46,0,3.34,4,5.25,33.1,rest,None
165,7,165,38,425.9,97,3.0,4.12,5,6.43,46.2,rest,None
165,10,165,26,340.2,82,0.2931876903221622,4.5,4,9.62,43.1,work_alone,None
165,19,165,35,403.0,87,1,3.44,5,9.77,32.5,rest,LowEnergy
165,13,165,42,445.40000000000003,146,0,4.64,5,8.49,44.7,rest,None
165,0,165,39,347.2,99,0,5.58,3,6.83,52.9,rest,None
165,8,165,37,432.0,144,5.7621413768844985,5.32,7,7.76,54.0,rest,None
165,2,165,41,424.0,134,4.869262828879048,3.28,5,8.68,54.9,rest,None
165,5,165,6,564.0,164,10,3.42,5,8.02,59.6,seek_help,HighStress
165,16,165,34,393.5,111,5.977368010649302,6.24,5,8.0,68.2,strengthen_ties,None
165,3,165,31,249.0,42,9,3.52,2,6.5,13.7,rest,HighStress
165,18,165,17,690.0,197,4,4.92,8,8.9,85.9,seek_help,None
165,15,165,21,491.0,163,3.2090617471093745,3.3,6,9.44,48.8,seek_help,None
166,18,166,31,690.0,197,4,5.12,8,8.9,86.0,rest,LowEnergy
166,10,166,39,340.2,82,0,4.5,4,9.62,43.1,rest,None
166,13,166,37,445.40000000000003,146,0,4.64,5,8.67,44.7,strengthen_ties,None
166,5,166,14,564.0,164,10,3.42,5,8.02,59.6,rest,HighStress
166,12,166,39,454.0,95,0,6.04,6,7.58,61.7,rest,None
166,16,166,27,393.5,111,6.477368010649302,6.24,5,7.9,68.2,attempt_knowledge_share,None
166,19,166,47,403.0,87,0,3.44,5,9.77,32.5,rest,None
166,7,166,24,425.9,97,4.0,4.12,5,6.23,46.2,attempt_collaboration,None
166,15,166,33,491.0,163,0.20906174710937453,3.3,6,9.44,48.8,rest,None
166,6,166,16,472.5,112,1.5620015046556799,5.66,5,8.4,49.4,seek_help,None
166,3,166,36,249.0,42,8,3.6,2,6.0,13.8,rest,HighStress
166,17,166,13,344.8,100,9.5,4.02,6,8.71,47.1,rest,HighStress
166,2,166,29,428.0,134,5.076459696941494,3.28,5,8.68,54.9,work_alone,None
166,11,166,35,583.5,171,6.837263577419073,6.44,5,9.7,86.2,rest,HighStress_Moderate
166,14,166,24,249.4,67,0.5,4.34,4,7.66,14.0,attempt_knowledge_share,None
166,8,166,50,432.0,144,2.7621413768844985,5.32,7,7.76,54.0,rest,None
166,0,166,29,347.2,99,0.5,5.58,3,6.67,52.9,attempt_knowledge_share,None
166,4,166,50,559.8,144,0.4780533197983523,4.24,6,9.22,49.7,rest,None
166,1,166,21,388.0,48,0,3.34,4,5.5,33.7,attempt_collaboration,None
166,9,166,23,435.0,84,0.5239446779910557,4.66,4,7.89,44.7,attempt_collaboration,None
167,2,167,24,428.0,134,7.076459696941494,3.28,5,8.48,54.9,seek_help,None
167,5,167,17,564.0,164,10,3.42,5,8.02,59.6,rest,HighStress
167,0,167,41,347.2,99,0,5.58,3,6.67,52.9,rest,None
167,18,167,22,690.0,197,4.5,5.12,8,8.84,86.0,attempt_knowledge_share,None
167,11,167,50,583.5,171,3.8372635774190726,6.44,5,9.7,86.2,rest,None
167,10,167,28,343.2,82,0.4071681394445918,4.5,4,9.62,43.1,work_alone,None
167,19,167,42,403.0,87,0,3.44,5,9.77,32.5,strengthen_ties,None
167,12,167,34,454.0,95,0,6.04,6,7.58,61.7,strengthen_ties,None
167,1,167,18,413.0,52,0,3.34,4,5.75,34.9,rest,None
167,13,167,32,445.40000000000003,146,0,4.64,5,8.67,44.7,strengthen_ties,None
167,6,167,18,472.5,112,4.562001504655679,5.76,5,8.4,50.4,seek_help,LowEnergy
167,15,167,17,516.0,167,0.20906174710937453,3.3,6,9.63,50.0,attempt_collaboration,None
167,9,167,31,435.0,84,0,4.66,4,7.89,44.7,rest,None
167,17,167,25,344.8,106,9.5,4.02,6,8.88,47.1,rest,HighStress
167,8,167,45,432.0,144,2.7621413768844985,5.32,7,7.95,54.0,strengthen_ties,None
167,14,167,34,249.4,67,0,4.34,4,7.66,14.0,rest,None
167,7,167,36,425.9,97,2.0,4.12,5,6.23,46.2,rest,None
167,3,167,29,249.0,42,8.5,3.6,2,5.75,13.8,attempt_knowledge_share,HighStress_Moderate
167,4,167,40,559.8,143,0.4780533197983523,4.24,6,9.39,52.7,attempt_knowledge_share,None
167,16,167,38,393.5,111,5.477368010649302,6.24,5,7.9,68.2,rest,None
168,6,168,30,472.5,112,4.562001504655679,5.76,5,8.4,50.4,rest,LowEnergy
168,5,168,22,564.0,164,10,3.42,5,8.02,59.6,rest,HighStress
168,0,168,34,352.2,99,0.2099199731551316,5.58,3,6.67,52.9,work_alone,None
168,17,168,26,364.8,108,8.5,4.1,6,8.88,47.8,rest,HighStress
168,12,168,50,454.0,95,0,6.04,6,7.61,61.7,rest,None
168,9,168,21,439.0,84,0.3077468549986522,4.66,4,7.89,44.7,work_alone,None
168,18,168,32,690.0,197,3.5,5.12,8,8.84,86.0,rest,None
168,1,168,36,413.0,52,1,3.54,4,5.75,35.0,rest,LowEnergy
168,2,168,19,428.0,134,9.076459696941495,3.28,5,8.28,54.9,seek_help,HighStress_Moderate
168,15,168,25,516.0,167,0,3.3,6,9.63,50.0,rest,LowEnergy
168,13,168,27,445.40000000000003,146,0,4.64,5,8.67,44.7,strengthen_ties,None
168,16,168,25,418.5,115,5.477368010649302,6.24,5,8.0,69.4,attempt_collaboration,None
168,8,168,27,457.0,148,2.7621413768844985,5.32,7,8.24,55.2,strengthen_ties,None
168,10,168,40,343.2,82,0,4.5,4,9.73,43.1,rest,None
168,4,168,29,559.8,143,0.9780533197983523,4.24,6,9.31,52.7,attempt_collaboration,None
168,14,168,18,269.4,69,0,4.34,4,7.66,14.6,attempt_collaboration,None
168,3,168,42,249.0,42,5.5,3.74,2,5.75,13.9,rest,HighStress_Moderate
168,19,168,32,403.0,87,0.5,3.44,5,9.67,32.5,attempt_collaboration,None
168,7,168,47,425.9,97,1.0,4.12,5,6.23,46.2,rest,None
168,11,168,45,583.5,171,3.8372635774190726,6.44,5,9.7,86.2,strengthen_ties,None
169,8,169,40,457.0,148,0,5.32,7,8.24,55.2,rest,None
169,17,169,21,364.8,108,10,4.1,6,8.71,47.8,seek_help,HighStress_Moderate
169,15,169,20,516.0,167,2,3.3,6,9.46,50.0,seek_help,None
169,19,169,22,403.0,84,0.5,3.44,5,9.67,38.5,attempt_knowledge_share,None
169,1,169,22,413.0,52,1.5,3.54,4,5.63,35.0,attempt_collaboration,None
169,14,169,13,269.4,69,4,4.34,4,7.41,14.6,seek_help,LowEnergy
169,12,169,43,454.0,92,0,6.04,6,7.61,68.2,attempt_knowledge_share,None
169,4,169,47,559.8,143,0,4.24,6,9.31,52.7,rest,None
169,18,169,27,690.0,197,3.5,5.12,8,8.84,86.0,strengthen_ties,None
169,11,169,38,583.5,171,3.8372635774190726,6.44,5,10.0,87.7,attempt_knowledge_share,None
169,7,169,22,439.9,102,1.5,4.12,5,6.53,47.7,attempt_collaboration,None
169,0,169,23,357.2,99,0.5701204136758793,5.58,3,6.67,52.9,work_alone,None
169,6,169,19,475.5,112,4.922382647016195,5.76,5,8.4,50.4,work_alone,None
169,13,169,22,445.40000000000003,146,2,4.64,5,8.47,44.7,seek_help,None
169,5,169,12,564.0,164,10,3.42,5,8.22,59.6,seek_help,HighStress
169,2,169,9,428.0,147,10,3.28,5,8.52,54.9,seek_help,HighStress
169,9,169,33,439.0,84,0,4.66,4,7.89,44.7,rest,None
169,3,169,27,263.0,47,5.5,3.74,2,6.75,15.4,attempt_collaboration,None
169,16,169,20,418.5,118,6.977368010649302,6.24,5,8.0,69.4,seek_help,None
169,10,169,51,343.2,94,0,4.5,4,9.85,43.1,rest,None
170,3,170,42,263.0,47,4.5,3.74,2,6.75,15.4,rest,None
170,18,170,22,690.0,197,5.5,5.12,8,8.71,86.0,seek_help,None
170,0,170,33,357.2,99,0,5.58,3,6.67,52.9,rest,None
170,8,170,51,457.0,155,-0.5,5.32,7,8.24,55.2,rest,None
170,5,170,15,564.0,169,9.5,3.42,5,8.42,59.6,rest,HighStress
170,4,170,40,559.8,142,0,4.24,6,9.47,55.2,attempt_knowledge_share,None
170,16,170,24,435.5,123,3.977368010649302,6.24,5,8.0,70.9,rest,None
170,12,170,60,454.0,92,0,6.04,6,7.61,68.2,rest,None
170,2,170,1,428.0,147,10,3.28,5,8.52,54.9,seek_help,HighStress
170,17,170,11,364.8,108,10,4.1,6,8.55,47.8,seek_help,HighStress
170,9,170,22,445.0,84,0.4143056955938416,4.66,5,6.71,44.7,work_alone,None
170,13,170,30,445.40000000000003,146,0,4.64,5,8.47,44.7,rest,None
170,7,170,37,439.9,102,0,4.12,5,6.53,47.7,rest,None
170,15,170,15,516.0,167,4,3.3,6,9.3,50.0,seek_help,None
170,6,170,29,475.5,112,5.922382647016195,5.76,5,8.4,50.4,rest,LowEnergy
170,19,170,31,403.0,84,0,3.44,5,9.67,38.5,rest,None
170,11,170,22,600.5,176,3.8372635774190726,6.44,5,10.0,89.2,attempt_collaboration,None
170,10,170,43,343.2,92,0,4.5,4,10.0,46.6,attempt_knowledge_share,None
170,14,170,23,269.4,69,4,4.34,5,6.53,14.6,rest,LowEnergy
170,1,170,33,413.0,52,0,3.54,3,7.33,35.0,rest,None
171,18,171,17,690.0,197,7.5,5.12,8,8.59,86.0,seek_help,None
171,10,171,26,343.2,92,0.5,4.5,4,9.88,46.6,attempt_collaboration,None
171,11,171,17,600.5,176,5.837263577419073,6.44,5,9.8,89.2,seek_help,None
171,13,171,15,457.40000000000003,149,0,4.64,5,8.47,45.6,attempt_collaboration,None
171,0,171,13,369.2,102,4,5.58,3,6.33,53.8,seek_help,LowEnergy
171,19,171,26,403.0,84,0,3.44,5,9.7,38.5,strengthen_ties,None
171,16,171,19,435.5,123,5.977368010649302,6.24,5,7.8,70.9,seek_help,None
171,17,171,21,364.8,108,9,4.1,6,8.55,47.8,rest,HighStress
171,7,171,23,439.9,102,0.5,4.12,5,6.43,47.7,attempt_collaboration,None
171,4,171,28,564.8,142,0.070101559491765,4.24,6,9.47,55.2,work_alone,None
171,5,171,25,564.0,169,9.5,3.42,5,8.42,59.6,rest,HighStress
171,3,171,56,263.0,47,1.5,3.74,2,6.75,15.4,rest,None
171,15,171,10,516.0,167,8,3.3,6,9.18,50.0,seek_help,LowEnergy
171,1,171,50,413.0,52,0,3.54,3,7.33,35.0,rest,None
171,8,171,67,457.0,155,0,5.32,7,8.24,55.2,rest,None
171,14,171,18,269.4,69,6,4.34,5,6.33,14.6,seek_help,None
171,12,171,48,458.0,92,0.3681788963267462,6.04,6,7.61,68.2,work_alone,None
171,9,171,40,445.0,84,0,4.66,5,6.71,44.7,rest,None
171,6,171,44,475.5,112,4.922382647016195,5.76,5,8.4,50.4,rest,None
171,2,171,1,428.0,147,10,3.28,5,8.52,54.9,seek_help,HighStress
172,15,172,23,516.0,167,9,3.3,6,9.18,50.0,rest,HighStress
172,7,172,36,439.9,105,-0.5,4.12,5,6.63,47.7,rest,None
172,17,172,36,364.8,108,8,4.24,6,8.55,47.9,rest,HighStress_Moderate
172,6,172,54,475.5,112,1.922382647016195,5.76,5,8.4,50.4,rest,None
172,5,172,29,564.0,169,7.5,3.42,5,8.42,59.6,rest,HighStress
172,12,172,37,462.0,92,0.6155239613829986,6.04,6,7.61,68.2,work_alone,None
172,4,172,36,564.8,142,0,4.24,6,9.47,55.2,rest,None
172,9,172,31,448.0,84,0.34230823791592013,4.66,5,6.71,44.7,work_alone,None
172,3,172,46,263.0,47,1.5,3.74,2,7.25,16.9,attempt_knowledge_share,None
172,13,172,10,457.40000000000003,149,4,4.64,5,8.27,45.6,seek_help,LowEnergy
172,2,172,7,428.0,147,10,3.28,5,8.52,54.9,rest,HighStress
172,19,172,21,403.0,84,2,3.44,5,9.5,38.5,seek_help,None
172,16,172,14,435.5,123,8.977368010649302,6.24,5,7.8,70.9,seek_help,HighStress_Moderate
172,0,172,8,369.2,102,8,5.58,3,6.0,53.8,seek_help,LowEnergy
172,14,172,36,269.4,69,5,4.48,5,6.33,14.7,rest,HighStress_Moderate
172,10,172,37,343.2,92,0,4.5,4,9.88,46.6,rest,None
172,11,172,32,600.5,176,6.837263577419073,6.58,5,9.8,89.3,rest,HighStress_Moderate
172,1,172,45,413.0,52,0,3.54,3,7.33,35.0,strengthen_ties,None
172,8,172,60,461.0,155,0.45368074629625105,5.32,7,8.24,55.2,work_alone,None
172,18,172,30,690.0,197,6.5,5.12,8,8.59,86.0,rest,HighStress
173,5,173,41,564.0,169,6.5,3.56,5,8.42,59.7,rest,HighStress_Moderate
173,13,173,25,457.40000000000003,149,3,4.64,5,8.27,45.6,rest,LowEnergy
173,7,173,20,464.9,114,-0.5,4.12,5,7.32,48.9,attempt_collaboration,None
173,16,173,23,435.5,123,8.977368010649302,6.24,5,7.8,70.9,rest,HighStress
173,3,173,23,288.0,50,1.5,3.74,2,8.75,20.6,attempt_knowledge_share,None
173,10,173,50,343.2,92,0,4.5,4,9.88,46.6,rest,None
173,6,173,37,500.5,118,1.922382647016195,5.76,5,8.4,52.2,attempt_collaboration,None
173,8,173,69,461.0,155,0,5.32,7,8.24,55.2,rest,None
173,4,173,38,589.8,148,0,4.24,6,9.47,57.0,rest,None
173,18,173,25,690.0,197,6.5,5.12,8,8.59,86.0,strengthen_ties,None
173,9,173,26,448.0,85,-0.15769176208407987,4.66,5,7.19,44.7,strengthen_ties,None
173,1,173,33,413.0,52,0.5,3.54,3,7.17,35.0,attempt_knowledge_share,None
173,14,173,26,269.4,69,5,4.48,5,6.56,15.2,attempt_knowledge_share,None
173,12,173,27,462.0,92,1.1155239613829986,6.04,6,7.52,68.2,attempt_collaboration,None
173,19,173,16,403.0,84,4,3.44,5,9.3,38.5,seek_help,None
173,0,173,1,369.2,102,10,5.58,3,6.33,53.8,seek_help,HighStress
173,11,173,22,605.5,176,7.119651107095076,6.58,5,9.9,89.3,work_alone,None
173,17,173,27,369.0,108,8.029282873525002,4.24,6,8.55,47.9,work_alone,HighStress_Moderate
173,15,173,18,516.0,167,10,3.3,6,9.01,50.0,seek_help,HighStress_Moderate
173,2,173,15,428.0,147,10,3.28,5,8.52,54.9,rest,HighStress
174,14,174,44,269.4,69,2,4.48,5,6.56,15.2,rest,None
174,13,174,20,457.40000000000003,149,4,4.64,5,8.39,45.6,seek_help,None
174,18,174,35,690.0,197,4.5,5.12,8,8.59,86.0,rest,None
174,5,174,26,564.0,169,7.0,3.56,5,8.42,59.7,attempt_collaboration,None
174,9,174,35,448.0,85,0,4.66,5,7.19,44.7,rest,None
174,8,174,61,467.0,155,0.3165372577489862,5.32,7,8.24,55.2,work_alone,None
174,7,174,32,464.9,114,0,4.12,5,7.32,48.9,rest,None
174,4,174,28,596.8,148,0.18903329026605392,4.24,6,9.47,57.0,work_alone,None
174,3,174,18,288.0,50,3.5,3.74,2,8.25,20.6,seek_help,None
174,17,174,44,369.0,108,6.029282873525002,4.38,6,8.55,48.0,rest,HighStress_Moderate
174,1,174,26,417.0,52,0.8184253685782776,3.54,3,7.17,35.0,work_alone,None
174,19,174,11,403.0,84,8,3.44,5,9.13,38.5,seek_help,LowEnergy
174,2,174,27,428.0,147,10,3.28,5,8.52,54.9,rest,HighStress
174,16,174,34,435.5,123,7.977368010649302,6.38,5,7.8,71.0,rest,HighStress_Moderate
174,10,174,45,343.2,92,0,4.5,4,9.88,46.6,strengthen_ties,None
174,15,174,27,516.0,167,10,3.3,6,9.01,50.0,rest,HighStress
174,11,174,32,605.5,176,4.119651107095076,6.72,5,10.0,89.4,rest,HighStress_Moderate
174,6,174,20,500.5,118,2.422382647016195,5.76,5,8.3,52.2,attempt_collaboration,None
174,0,174,1,369.2,102,10,5.58,3,6.33,53.8,seek_help,HighStress
174,12,174,36,462.0,92,0,6.04,6,7.52,68.2,rest,None
175,9,175,26,453.0,85,0.2266900033769189,4.66,5,7.19,44.7,work_alone,None
175,3,175,18,288.0,50,6.5,3.84,2,9.0,21.6,seek_help,LowEnergy
175,16,175,17,435.5,123,8.477368010649302,6.38,5,7.8,71.0,attempt_collaboration,HighStress_Moderate
175,11,175,27,605.5,176,4.119651107095076,6.72,5,10.0,89.4,strengthen_ties,None
175,15,175,30,516.0,191,6.5,3.3,6,9.18,50.0,rest,HighStress
175,18,175,49,690.0,197,2.5,5.12,8,8.59,86.0,rest,None
175,13,175,29,457.40000000000003,149,1,4.64,5,8.39,45.6,rest,None
175,5,175,21,564.0,169,9.0,3.56,5,8.22,59.7,seek_help,None
175,14,175,34,275.4,69,2.1745648571519056,4.48,5,6.56,15.2,work_alone,None
175,19,175,23,403.0,84,9,3.44,5,9.13,38.5,rest,HighStress
175,12,175,24,465.0,92,0.1952885286744241,6.04,6,7.52,68.2,work_alone,None
175,8,175,54,467.0,148,0.3165372577489862,5.32,7,8.38,67.2,attempt_knowledge_share,None
175,0,175,10,369.2,102,10,5.58,3,6.33,53.8,rest,HighStress
175,7,175,18,464.9,114,0.5,4.12,5,7.22,48.9,attempt_collaboration,None
175,10,175,31,343.2,92,0.5,4.5,4,9.75,46.6,attempt_collaboration,None
175,6,175,35,500.5,118,0.4223826470161951,5.76,5,8.3,52.2,rest,None
175,2,175,34,428.0,147,9,3.36,5,8.52,55.0,rest,HighStress
175,4,175,36,596.8,148,0,4.24,6,9.47,57.0,rest,None
175,1,175,21,417.0,52,2.8184253685782776,3.54,3,6.83,35.0,seek_help,None
175,17,175,39,369.0,108,6.029282873525002,4.38,6,8.71,48.0,strengthen_ties,None
176,13,176,24,457.40000000000003,149,3,4.64,5,8.19,45.6,seek_help,None
176,18,176,34,690.0,190,2.5,5.12,8,8.71,98.0,attempt_knowledge_share,None
176,15,176,20,523.0,191,6.6627192746797945,3.3,6,9.18,50.0,work_alone,None
176,1,176,32,417.0,52,1.8184253685782776,3.54,3,6.83,35.0,rest,None
176,6,176,23,508.5,118,0.6010042010225909,5.76,5,8.3,52.2,work_alone,None
176,17,176,27,375.0,108,6.488453844409173,4.38,6,8.71,48.0,work_alone,None
176,16,176,26,435.5,123,8.477368010649302,6.38,5,7.8,71.0,rest,HighStress
176,2,176,25,428.0,147,9.5,3.36,5,8.42,55.0,attempt_knowledge_share,HighStress_Moderate
176,11,176,22,605.5,176,6.119651107095076,6.72,5,9.8,89.4,seek_help,None
176,10,176,21,346.2,92,0.8768712791728069,4.5,4,9.75,46.6,work_alone,None
176,5,176,30,564.0,169,7.0,3.56,5,8.22,59.7,rest,HighStress_Moderate
176,9,176,36,453.0,85,0,4.66,5,7.19,44.7,rest,None
176,3,176,29,288.0,50,6.5,3.84,2,9.0,21.6,rest,HighStress_Moderate
176,4,176,31,596.8,148,0,4.24,6,9.64,57.0,strengthen_ties,None
176,8,176,70,467.0,148,0,5.32,7,8.38,67.2,rest,None
176,14,176,29,275.4,93,1.6745648571519056,4.48,5,6.96,15.2,strengthen_ties,None
176,7,176,22,464.9,114,3.5,4.22,5,7.23,49.9,seek_help,LowEnergy
176,19,176,31,403.0,84,6,3.58,5,9.16,38.6,rest,HighStress_Moderate
176,12,176,36,465.0,92,0,6.04,6,7.52,68.2,rest,None
176,0,176,18,369.2,102,10,5.58,3,6.33,53.8,rest,HighStress
177,18,177,24,695.0,190,2.8476740762818307,5.12,8,8.71,98.0,work_alone,None
177,17,177,41,375.0,108,4.488453844409173,4.38,6,8.71,48.0,rest,None
177,15,177,15,523.0,191,8.662719274679795,3.3,6,9.05,50.0,seek_help,None
177,4,177,20,603.8,148,0.38707010659301444,4.24,6,9.64,57.0,work_alone,None
177,7,177,40,464.9,114,1.5,4.22,5,7.26,49.9,rest,None
177,12,177,22,490.0,95,0,6.04,6,7.98,69.1,strengthen_ties,None
177,9,177,53,453.0,85,0,4.66,5,7.19,44.7,rest,None
177,11,177,17,605.5,176,8.119651107095077,6.72,5,9.6,89.4,seek_help,None
177,8,177,57,492.0,151,0,5.32,7,8.67,68.1,attempt_collaboration,None
177,0,177,28,369.2,102,10,5.58,3,6.33,53.8,rest,HighStress
177,16,177,40,435.5,123,7.477368010649302,6.52,5,7.8,71.1,rest,HighStress_Moderate
177,19,177,26,403.0,84,6,3.58,5,9.36,38.6,strengthen_ties,None
177,3,177,43,288.0,50,3.5,3.84,2,9.0,21.6,rest,None
177,10,177,31,346.2,92,0,4.5,4,9.75,46.6,rest,None
177,1,177,27,417.0,52,1.8184253685782776,3.54,3,7.17,35.0,strengthen_ties,None
177,13,177,42,457.40000000000003,149,1,4.64,5,8.19,45.6,rest,None
177,6,177,39,508.5,118,0,5.76,5,8.3,52.2,rest,None
177,2,177,38,428.0,147,6.5,3.44,5,8.45,55.1,rest,HighStress
177,5,177,18,568.0,169,7.255635475916589,3.56,5,8.22,59.7,work_alone,None
177,14,177,44,275.4,93,0.6745648571519056,4.48,5,6.96,15.2,rest,None
178,14,178,20,298.4,95,1.1745648571519056,4.48,5,7.26,15.8,attempt_knowledge_share,None
178,2,178,21,439.0,153,6.5,3.44,5,8.85,56.9,attempt_collaboration,None
178,7,178,30,470.9,114,1.576577195367978,4.22,5,7.26,49.9,work_alone,None
178,17,178,29,375.0,108,4.988453844409173,4.38,6,8.63,48.0,attempt_collaboration,None
178,5,178,8,568.0,169,10,3.56,5,8.02,59.7,seek_help,HighStress
178,11,178,7,605.5,176,10,6.72,5,9.4,89.4,seek_help,HighStress
178,13,178,30,462.40000000000003,149,1.0094076507226946,4.64,5,8.19,45.6,work_alone,None
178,16,178,28,437.6,123,7.5447192969092916,6.52,5,7.8,71.1,work_alone,HighStress_Moderate
178,19,178,41,403.0,84,4,3.58,5,9.36,38.6,rest,None
178,3,178,31,295.0,50,3.677860811948407,3.84,2,9.0,21.6,work_alone,None
178,0,178,18,369.2,102,10,5.58,3,6.0,53.8,seek_help,HighStress
178,1,178,37,417.0,52,0.8184253685782776,3.54,3,7.17,35.0,rest,None
178,15,178,5,523.0,191,10,3.3,6,8.88,50.0,seek_help,HighStress
178,8,178,37,509.0,157,0.41673854064973614,5.32,7,8.95,69.9,work_alone,None
178,6,178,23,531.5,120,0,5.76,5,8.7,52.8,attempt_collaboration,None
178,12,178,32,490.0,95,0,6.04,6,7.98,69.1,rest,None
178,18,178,19,695.0,190,4.84767407628183,5.12,8,8.59,98.0,seek_help,None
178,4,178,30,603.8,148,0,4.24,6,9.64,57.0,rest,None
178,10,178,25,357.2,98,0,4.5,4,9.88,48.4,rest,LowEnergy
178,9,178,38,466.0,91,0,4.66,5,7.39,46.5,attempt_collaboration,None
179,3,179,21,302.0,50,4.09429101247788,3.84,2,9.0,21.6,work_alone,None
179,15,179,9,523.0,191,9,3.3,6,8.88,50.0,rest,HighStress
179,13,179,20,470.40000000000003,149,1.5075152874904985,4.64,5,8.19,45.6,work_alone,None
179,2,179,30,439.0,153,5.5,3.44,5,8.85,56.9,rest,None
179,18,179,29,695.0,190,3.8476740762818302,5.12,8,8.59,98.0,rest,LowEnergy
179,7,179,14,470.9,114,2.076577195367978,4.22,5,7.16,49.9,attempt_collaboration,None
179,17,179,43,375.0,108,2.9884538444091726,4.38,6,8.63,48.0,rest,None
179,11,179,16,605.5,176,10,6.72,5,9.5,89.4,rest,HighStress
179,16,179,23,437.6,123,8.544719296909292,6.52,5,7.8,71.1,seek_help,HighStress_Moderate
179,8,179,29,509.0,156,0.41673854064973614,5.32,7,8.95,72.4,attempt_knowledge_share,None
179,10,179,34,357.2,103,0,4.5,4,9.88,48.4,rest,None
179,6,179,33,531.5,120,0,5.76,5,8.7,52.8,rest,None
179,1,179,29,422.0,52,0.9791519403945648,3.54,3,7.17,35.0,work_alone,None
179,9,179,31,466.0,90,0,4.66,5,7.59,49.0,attempt_knowledge_share,None
179,5,179,1,568.0,191,9.5,3.56,5,8.42,59.7,seek_help,HighStress
179,14,179,30,298.4,100,0,4.48,5,7.46,15.8,rest,None
179,0,179,8,369.2,102,10,5.58,3,5.67,53.8,seek_help,HighStress
179,19,179,34,410.0,84,4.124364496522225,3.58,5,9.36,38.6,work_alone,None
179,12,179,23,497.0,95,0.15840105339614896,6.04,6,7.98,69.1,work_alone,None
179,4,179,19,603.8,142,0,4.24,6,9.81,68.0,attempt_knowledge_share,None
180,11,180,28,605.5,176,9,6.72,5,9.6,89.4,rest,HighStress
180,14,180,20,303.4,100,0.3359756601016179,4.48,5,7.46,15.8,work_alone,None
180,4,180,14,603.8,142,4,4.24,6,9.64,68.0,seek_help,LowEnergy
180,16,180,41,437.6,123,6.544719296909292,6.66,5,7.8,71.2,rest,HighStress_Moderate
180,12,180,32,497.0,95,0,6.04,6,7.98,69.1,rest,None
180,17,180,35,378.0,108,3.335316619155255,4.38,6,8.63,48.0,work_alone,None
180,2,180,19,445.0,153,5.856495670273682,3.44,5,8.85,56.9,work_alone,None
180,1,180,40,422.0,52,0,3.54,4,5.88,35.0,rest,None
180,8,180,24,509.0,156,2.416738540649736,5.32,7,8.81,72.4,seek_help,None
180,5,180,1,568.0,191,10,3.56,5,8.42,59.7,seek_help,HighStress
180,6,180,23,534.5,120,0.22038215590081944,5.76,5,8.7,52.8,work_alone,None
180,18,180,24,695.0,190,5.84767407628183,5.12,8,8.46,98.0,seek_help,None
180,7,180,24,470.9,114,3.076577195367978,4.22,5,7.16,49.9,rest,LowEnergy
180,13,180,15,470.40000000000003,149,3.5075152874904987,4.64,5,7.99,45.6,seek_help,None
180,19,180,19,429.0,90,4.124364496522225,3.58,5,9.52,40.4,attempt_collaboration,None
180,10,180,36,376.2,109,0,4.5,4,9.88,50.2,rest,None
180,0,180,19,369.2,102,10,5.58,3,6.33,53.8,rest,HighStress
180,15,180,14,523.0,191,10,3.3,6,8.88,50.0,rest,HighStress
180,3,180,31,302.0,50,2.09429101247788,3.84,2,9.0,21.6,rest,None
180,9,180,24,470.0,90,0.34674804500836703,4.66,5,7.59,49.0,work_alone,None
181,3,181,23,305.0,50,2.524881930790816,3.84,2,9.0,21.6,work_alone,None
181,19,181,14,429.0,90,8.124364496522226,3.58,5,9.32,40.4,seek_help,LowEnergy
181,0,181,31,369.2,102,10,5.66,3,6.33,53.9,rest,HighStress
181,8,181,37,509.0,156,1.4167385406497361,5.32,7,8.81,72.4,rest,None
181,6,181,18,534.5,120,2.220382155900819,5.76,5,8.5,52.8,seek_help,None
181,17,181,46,378.0,108,0.3353166191552548,4.38,6,8.63,48.0,rest,None
181,15,181,20,523.0,191,10,3.3,6,8.88,50.0,rest,HighStress
181,12,181,22,497.0,95,0.5,6.04,6,7.89,69.1,attempt_collaboration,None
181,14,181,15,303.4,100,2.335975660101618,4.48,5,7.26,15.8,seek_help,None
181,4,181,9,603.8,142,8,4.24,6,9.47,68.0,seek_help,LowEnergy
181,1,181,32,422.0,50,0,3.54,4,6.0,39.5,attempt_knowledge_share,None
181,5,181,11,568.0,191,9,3.56,5,8.42,59.7,rest,HighStress
181,18,181,19,695.0,190,7.84767407628183,5.12,8,8.34,98.0,seek_help,None
181,7,181,19,470.9,114,5.076577195367978,4.22,5,6.96,49.9,seek_help,None
181,16,181,49,437.6,123,5.544719296909292,6.66,5,7.8,71.2,rest,None
181,10,181,24,379.2,109,0.3107666499143855,4.5,4,9.88,50.2,work_alone,None
181,13,181,10,470.40000000000003,149,7.507515287490499,4.64,5,7.79,45.6,seek_help,LowEnergy
181,2,181,35,445.0,153,5.856495670273682,3.58,5,8.85,57.0,rest,HighStress_Moderate
181,9,181,38,470.0,90,0,4.66,5,7.59,49.0,rest,None
181,11,181,23,605.5,185,10,6.72,5,9.4,89.4,seek_help,HighStress_Moderate
182,6,182,13,534.5,120,6.220382155900819,5.76,5,8.3,52.8,seek_help,LowEnergy
182,2,182,52,445.0,153,3.8564956702736817,3.58,5,8.85,57.0,rest,None
182,8,182,24,509.0,156,1.9167385406497361,5.32,7,8.74,72.4,attempt_collaboration,None
182,10,182,19,379.2,109,2.3107666499143855,4.5,4,9.62,50.2,seek_help,None
182,7,182,30,470.9,114,5.076577195367978,4.22,5,6.96,49.9,rest,HighStress_Moderate
182,5,182,1,568.0,191,10,3.56,5,8.42,59.7,seek_help,HighStress
182,0,182,42,369.2,102,8,5.74,3,6.33,54.0,rest,HighStress
182,4,182,1,603.8,142,10,4.24,6,9.47,68.0,seek_help,HighStress
182,1,182,21,425.0,50,0.10338910791196848,3.54,4,6.0,39.5,work_alone,None
182,16,182,37,437.6,123,6.044719296909292,6.66,5,7.7,71.2,attempt_collaboration,None
182,17,182,36,382.0,108,0.8248645630393343,4.38,6,8.63,48.0,work_alone,None
182,11,182,36,605.5,185,8,6.8,5,9.5,89.5,rest,HighStress
182,12,182,39,497.0,95,0,6.04,6,7.89,69.1,rest,None
182,19,182,26,429.0,90,9.124364496522226,3.58,5,9.32,40.4,rest,HighStress
182,15,182,32,523.0,191,9,3.38,6,8.88,50.1,rest,HighStress
182,18,182,26,695.0,190,6.84767407628183,5.12,8,8.4,98.0,rest,HighStress
182,14,182,29,303.4,100,3.335975660101618,4.48,5,7.26,15.8,rest,LowEnergy
182,9,182,25,470.0,90,0.5,4.66,5,7.49,49.0,attempt_collaboration,None
182,13,182,1,470.40000000000003,149,10,4.64,5,7.59,45.6,seek_help,HighStress
182,3,182,41,305.0,50,1.5248819307908161,3.84,2,9.0,21.6,rest,None
183,8,183,33,509.0,156,0,5.32,7,8.74,72.4,rest,None
183,9,183,20,470.0,90,1.5,4.66,5,7.49,49.0,seek_help,None
183,5,183,9,568.0,191,10,3.56,5,8.42,59.7,rest,HighStress
183,13,183,13,470.40000000000003,149,10,4.64,5,7.59,45.6,rest,HighStress
183,3,183,32,312.0,50,1.550339666602121,3.84,2,9.0,21.6,work_alone,None
183,1,183,16,425.0,50,1.1033891079119684,3.54,4,6.0,39.5,seek_help,None
183,4,183,6,603.8,142,9,4.24,6,9.47,68.0,rest,HighStress
183,14,183,41,303.4,100,0.33597566010161817,4.48,5,7.26,15.8,rest,None
183,7,183,17,485.9,120,5.076577195367978,4.22,5,7.36,51.7,attempt_collaboration,None
183,6,183,31,534.5,120,5.220382155900818,5.9,5,8.3,52.9,rest,HighStress_Moderate
183,10,183,36,379.2,109,1.3107666499143855,4.7,4,9.62,50.3,rest,LowEnergy
183,11,183,52,605.5,185,5,6.94,5,9.5,89.6,rest,HighStress_Moderate
183,17,183,24,385.0,108,0.9779253842008203,4.38,6,8.63,48.0,work_alone,None
183,12,183,39,512.0,101,0,6.04,6,8.23,70.9,rest,None
183,2,183,42,445.0,153,4.356495670273682,3.58,5,8.75,57.0,attempt_knowledge_share,None
183,0,183,35,369.2,102,8.5,5.74,3,6.17,54.0,attempt_knowledge_share,HighStress_Moderate
183,18,183,34,695.0,190,5.84767407628183,5.12,8,8.4,98.0,rest,None
183,15,183,18,523.0,191,9.5,3.38,6,8.88,50.1,attempt_collaboration,HighStress_Moderate
183,16,183,55,437.6,123,4.044719296909292,6.66,5,7.7,71.2,rest,None
183,19,183,32,429.0,90,7.124364496522226,3.66,5,9.32,40.5,rest,HighStress
184,7,184,33,485.9,122,4.576577195367978,4.36,5,7.56,51.8,rest,HighStress_Moderate
184,3,184,20,312.0,50,1.550339666602121,3.84,2,9.5,22.6,attempt_knowledge_share,None
184,1,184,11,425.0,50,5.103389107911968,3.54,4,5.75,39.5,seek_help,LowEnergy
184,16,184,47,441.6,123,4.424852421824822,6.66,5,7.7,71.2,work_alone,None
184,0,184,28,369.2,102,9.0,5.74,3,6.0,54.0,attempt_knowledge_share,HighStress_Moderate
184,14,184,33,303.4,96,0.33597566010161817,4.48,5,7.46,23.3,attempt_knowledge_share,None
184,13,184,22,470.40000000000003,149,10,4.64,5,7.59,45.6,rest,HighStress
184,4,184,17,603.8,142,10,4.24,6,9.55,68.0,rest,HighStress
184,6,184,23,534.5,114,5.220382155900818,5.9,5,8.5,64.4,attempt_knowledge_share,None
184,11,184,41,605.5,185,5.5,6.94,5,9.4,89.6,attempt_knowledge_share,None
184,12,184,55,512.0,106,-0.5,6.04,6,8.31,70.9,rest,None
184,18,184,25,695.0,220,4.84767407628183,5.12,8,8.77,112.0,attempt_knowledge_share,None
184,19,184,45,429.0,90,5.124364496522226,3.8,5,9.32,40.6,rest,HighStress_Moderate
184,15,184,8,523.0,191,10,3.38,6,8.72,50.1,seek_help,HighStress
184,10,184,29,387.2,109,1.4719985774119828,4.7,4,9.62,50.3,work_alone,None
184,9,184,15,470.0,118,3.0,4.66,5,7.35,49.0,seek_help,None
184,5,184,14,568.0,191,9,3.56,5,8.42,59.7,rest,HighStress
184,8,184,28,509.0,156,0,5.32,7,8.82,72.4,strengthen_ties,None
184,2,184,30,445.0,152,4.356495670273682,3.58,5,8.75,59.5,attempt_knowledge_share,None
184,17,184,33,385.0,108,0,4.38,6,8.63,48.0,rest,None
185,10,185,29,397.2,113,0.4719985774119828,4.7,4,9.62,51.5,rest,None
185,6,185,18,534.5,114,7.220382155900818,5.9,5,8.3,64.4,seek_help,None
185,12,185,73,512.0,106,0,6.04,6,8.31,70.9,rest,None
185,2,185,17,455.0,156,4.356495670273682,3.58,5,8.75,60.7,attempt_collaboration,None
185,7,185,17,485.9,122,5.076577195367978,4.36,5,7.46,51.8,attempt_collaboration,None
185,3,185,32,312.0,50,0.550339666602121,3.84,2,9.5,22.6,rest,None
185,11,185,31,612.5,185,5.564309985935635,6.94,5,9.4,89.6,work_alone,None
185,18,185,38,695.0,220,1.8476740762818302,5.12,8,8.77,112.0,rest,None
185,0,185,37,369.2,102,6.0,5.88,3,6.0,54.1,rest,HighStress_Moderate
185,9,185,26,470.0,118,2.0,4.66,5,7.35,49.0,rest,LowEnergy
185,16,185,30,441.6,123,4.924852421824822,6.66,5,7.6,71.2,attempt_collaboration,None
185,17,185,22,385.0,108,0.5,4.38,6,8.55,48.0,attempt_knowledge_share,None
185,8,185,43,509.0,156,0,5.32,7,8.82,72.4,rest,None
185,15,185,18,523.0,191,9,3.38,6,8.72,50.1,rest,HighStress
185,1,185,19,425.0,50,5.103389107911968,3.54,4,5.75,39.5,rest,HighStress_Moderate
185,5,185,22,568.0,191,8,3.56,5,8.42,59.7,rest,HighStress
185,14,185,23,303.4,96,0.8359756601016182,4.48,5,7.36,23.3,attempt_collaboration,None
185,4,185,20,603.8,142,9,4.24,6,9.55,68.0,rest,HighStress
185,19,185,33,429.0,90,5.624364496522226,3.8,5,9.22,40.6,attempt_knowledge_share,None
185,13,185,31,470.40000000000003,149,7,4.72,5,7.59,45.7,rest,HighStress
186,17,186,36,385.0,108,0,4.38,6,8.63,48.0,rest,None
186,11,186,24,612.5,185,6.064309985935635,6.94,5,9.3,89.6,attempt_knowledge_share,None
186,1,186,36,425.0,50,5.103389107911968,3.68,4,5.75,39.6,rest,HighStress_Moderate
186,14,186,18,303.4,96,1.8359756601016182,4.48,5,7.56,23.3,seek_help,None
186,16,186,14,441.6,123,5.424852421824822,6.66,5,7.5,71.2,attempt_collaboration,None
186,8,186,32,513.0,156,0.16753677438893771,5.32,7,8.82,72.4,work_alone,None
186,18,186,28,702.0,220,2.1104256007754767,5.12,8,8.77,112.0,work_alone,None
186,9,186,41,470.0,118,0,4.66,5,7.35,49.0,rest,None
186,15,186,22,523.0,191,8,3.38,6,8.72,50.1,rest,HighStress
186,12,186,61,520.0,106,0.1388147078851822,6.04,6,8.31,70.9,work_alone,None
186,10,186,37,397.2,113,0,4.7,4,9.62,51.5,rest,None
186,2,186,27,455.0,156,4.356495670273682,3.58,5,8.75,60.7,rest,LowEnergy
186,13,186,22,478.40000000000003,149,7.1064681741733375,4.72,5,7.59,45.7,work_alone,None
186,4,186,30,603.8,142,6,4.24,6,9.55,68.0,rest,HighStress_Moderate
186,0,186,26,369.2,102,6.5,5.88,3,5.83,54.1,attempt_knowledge_share,None
186,6,186,8,534.5,114,10,5.9,5,8.1,64.4,seek_help,HighStress
186,7,186,35,485.9,122,5.076577195367978,4.5,5,7.46,51.9,rest,HighStress_Moderate
186,3,186,24,320.0,50,0.6377972737597817,3.84,2,9.5,22.6,work_alone,None
186,19,186,22,429.0,90,6.124364496522226,3.8,5,9.12,40.6,attempt_collaboration,None
186,5,186,40,568.0,191,6,3.7,5,8.42,59.8,rest,HighStress_Moderate
187,13,187,33,478.40000000000003,163,3.6064681741733375,4.86,5,7.79,45.8,rest,HighStress_Moderate
187,5,187,31,568.0,187,6,3.7,5,8.62,66.8,attempt_knowledge_share,None
187,19,187,31,429.0,90,5.124364496522226,3.8,5,9.12,40.6,rest,None
187,3,187,19,320.0,50,2.637797273759782,3.84,2,9.0,22.6,seek_help,None
187,15,187,17,523.0,191,10,3.38,6,8.55,50.1,seek_help,HighStress_Moderate
187,18,187,23,702.0,220,4.110425600775477,5.12,8,8.65,112.0,seek_help,None
187,2,187,22,455.0,156,6.356495670273682,3.58,5,8.55,60.7,seek_help,None
187,9,187,36,470.0,118,0,4.66,5,7.55,49.0,strengthen_ties,None
187,7,187,27,492.9,122,5.2723932479732065,4.5,5,7.46,51.9,work_alone,None
187,1,187,47,425.0,50,2.103389107911968,3.68,4,5.75,39.6,rest,None
187,0,187,35,369.2,102,3.5,5.88,3,5.83,54.1,rest,None
187,14,187,36,303.4,96,1.8359756601016182,4.68,5,7.63,23.4,rest,LowEnergy
187,10,187,25,397.2,113,0.5,4.7,4,9.5,51.5,attempt_knowledge_share,None
187,12,187,47,520.0,106,0.6388147078851822,6.04,6,8.23,70.9,attempt_collaboration,None
187,16,187,9,441.6,123,8.424852421824822,6.66,5,7.5,71.2,seek_help,HighStress_Moderate
187,6,187,1,534.5,114,10,5.9,5,7.9,64.4,seek_help,HighStress
187,17,187,52,385.0,108,0,4.38,6,8.63,48.0,rest,None
187,4,187,25,603.8,142,6,4.24,6,9.61,68.0,strengthen_ties,None
187,8,187,50,513.0,156,0,5.32,7,8.83,72.4,rest,None
187,11,187,34,612.5,185,3.064309985935635,6.94,5,9.3,89.6,rest,None
188,3,188,30,320.0,50,1.637797273759782,3.84,2,9.0,22.6,rest,LowEnergy
188,0,188,50,369.2,102,0.5,5.88,3,5.83,54.1,rest,None
188,12,188,37,520.0,106,1.1388147078851822,6.04,6,8.14,70.9,attempt_knowledge_share,None
188,16,188,20,441.6,123,9.424852421824822,6.66,5,7.5,71.2,rest,HighStress
188,8,188,35,537.0,161,0,5.32,7,8.9,73.9,attempt_collaboration,None
188,9,188,40,494.0,123,0,4.66,5,7.55,50.5,rest,None
188,10,188,36,397.2,113,0,4.7,4,9.5,51.5,rest,None
188,11,188,51,612.5,185,2.064309985935635,6.94,5,9.37,89.6,rest,None
188,15,188,7,523.0,191,10,3.38,6,8.81,50.1,seek_help,HighStress
188,6,188,1,534.5,114,10,5.9,5,8.1,64.4,seek_help,HighStress
188,2,188,34,455.0,156,5.356495670273682,3.58,5,8.55,60.7,rest,None
188,7,188,45,492.9,122,2.2723932479732065,4.5,5,7.46,51.9,rest,None
188,19,188,26,429.0,90,5.124364496522226,3.8,5,9.4,40.6,strengthen_ties,None
188,4,188,20,603.8,142,8,4.24,6,9.53,68.0,seek_help,None
188,18,188,34,702.0,220,3.1104256007754767,5.12,8,8.65,112.0,rest,None
188,13,188,22,483.40000000000003,163,3.689383406782672,4.86,5,7.79,45.8,work_alone,None
188,17,188,47,385.0,108,0,4.38,6,8.81,48.0,strengthen_ties,None
188,5,188,26,568.0,187,6,3.7,5,8.62,66.8,strengthen_ties,None
188,14,188,26,306.4,96,1.9315338520623884,4.68,5,7.63,23.4,work_alone,None
188,1,188,59,425.0,50,0.1033891079119682,3.68,4,5.75,39.6,rest,None
189,1,189,54,425.0,50,0.1033891079119682,3.68,4,5.89,39.6,strengthen_ties,None
189,7,189,35,496.9,122,2.4448694853771076,4.5,5,7.46,51.9,work_alone,None
189,14,189,21,306.4,118,2.4315338520623886,4.68,5,7.83,23.4,seek_help,None
189,0,189,42,375.2,102,0.6235685989315414,5.88,3,5.9,54.1,work_alone,None
189,5,189,36,568.0,187,5,3.7,5,8.72,66.8,rest,None
189,8,189,24,537.0,161,0.5,5.32,7,8.9,73.9,attempt_knowledge_share,None
189,10,189,25,405.2,113,0.11047149147756341,4.7,4,9.5,51.5,work_alone,None
189,18,189,22,702.0,220,3.6104256007754767,5.12,8,8.59,112.0,attempt_collaboration,None
189,3,189,23,323.0,50,1.6750027672289818,3.84,2,9.0,22.6,work_alone,None
189,2,189,24,455.0,156,5.856495670273682,3.58,5,8.45,60.7,attempt_knowledge_share,None
189,13,189,17,483.40000000000003,163,4.689383406782672,4.86,5,7.99,45.8,seek_help,None
189,11,189,49,636.5,188,0.06430998593563508,6.94,5,9.37,90.5,rest,None
189,4,189,32,603.8,142,7,4.38,6,9.53,68.1,rest,HighStress_Moderate
189,12,189,22,544.0,109,1.1388147078851822,6.04,6,8.28,71.8,attempt_collaboration,None
189,9,189,30,494.0,117,0,4.66,5,7.75,61.5,attempt_knowledge_share,None
189,19,189,37,429.0,90,4.124364496522226,3.8,5,9.4,40.6,rest,None
189,17,189,34,385.0,108,0.5,4.38,6,8.81,48.0,attempt_collaboration,None
189,15,189,1,523.0,191,10,3.38,6,8.81,50.1,seek_help,HighStress
189,16,189,10,441.6,123,10,6.66,5,7.5,71.2,seek_help,HighStress
189,6,189,10,534.5,114,10,5.9,5,8.1,64.4,rest,HighStress
190,0,190,35,381.2,102,0.7843242571024875,5.88,3,5.9,54.1,work_alone,None
190,12,190,17,544.0,109,2.1388147078851825,6.04,6,8.28,71.8,seek_help,None
190,5,190,22,575.0,187,5.009601717817447,3.7,5,8.74,66.8,work_alone,None
190,17,190,22,393.0,108,0.6884999318943619,4.38,6,8.81,48.0,work_alone,None
190,15,190,13,523.0,191,10,3.38,6,8.81,50.1,rest,HighStress
190,13,190,20,483.40000000000003,163,7.689383406782672,4.96,5,7.99,46.8,seek_help,LowEnergy
190,6,190,18,534.5,114,10,5.9,5,8.1,64.4,rest,HighStress
190,18,190,31,702.0,220,1.6104256007754767,5.12,8,8.59,112.0,rest,None
190,1,190,46,425.0,49,0.1033891079119682,3.68,4,5.89,42.1,attempt_knowledge_share,None
190,11,190,37,642.5,193,0,6.94,5,9.47,90.5,work_alone,None
190,7,190,26,499.9,122,2.800691349229907,4.5,5,7.46,51.9,work_alone,None
190,9,190,18,500.0,117,0.2594787545452112,4.66,5,7.75,61.5,work_alone,None
190,14,190,37,306.4,118,0,4.68,5,7.83,23.4,rest,None
190,19,190,21,429.0,90,4.624364496522226,3.8,6,7.91,40.6,attempt_collaboration,None
190,16,190,18,441.6,123,10,6.66,5,7.5,71.2,rest,HighStress
190,3,190,37,323.0,50,0.6750027672289818,3.84,3,7.0,22.6,rest,None
190,10,190,43,405.2,113,0,4.7,4,9.5,51.5,rest,None
190,8,190,19,537.0,161,1.5,5.32,7,8.9,73.9,seek_help,None
190,2,190,33,455.0,156,4.856495670273682,3.58,5,8.45,60.7,rest,None
190,4,190,21,610.8,142,7.155998278408426,4.38,6,9.7,68.1,work_alone,None
191,8,191,33,537.0,161,1.5,5.52,7,8.9,74.0,rest,LowEnergy
191,14,191,32,306.4,118,0,4.68,5,7.96,23.4,strengthen_ties,None
191,12,191,30,544.0,109,3.1388147078851825,6.04,6,8.28,71.8,rest,LowEnergy
191,2,191,19,455.0,156,5.356495670273682,3.58,5,8.4,60.7,attempt_collaboration,None
191,16,191,8,441.6,123,10,6.66,5,7.5,71.2,seek_help,HighStress
191,9,191,36,500.0,117,0,4.86,5,7.75,61.6,rest,LowEnergy
191,5,191,38,575.0,187,3.0096017178174472,3.7,5,8.74,66.8,rest,None
191,1,191,38,425.0,47,0.1033891079119682,3.68,4,6.14,46.6,attempt_knowledge_share,None
191,4,191,33,610.8,142,4.155998278408426,4.52,6,9.7,68.2,rest,HighStress_Moderate
191,11,191,26,650.5,193,0.34279133982901155,6.94,5,9.47,90.5,work_alone,None
191,19,191,16,429.0,90,6.624364496522226,3.8,6,7.87,40.6,seek_help,None
191,13,191,15,483.40000000000003,177,8.189383406782671,4.96,5,8.19,46.8,seek_help,HighStress_Moderate
191,6,191,31,534.5,114,9,5.98,5,8.1,64.5,rest,HighStress
191,0,191,25,381.2,107,0.28432425710248754,5.88,3,6.56,61.1,attempt_knowledge_share,None
191,7,191,42,499.9,122,1.8006913492299068,4.5,5,7.46,51.9,rest,None
191,3,191,32,323.0,50,0.6750027672289818,3.84,3,7.42,22.6,strengthen_ties,None
191,15,191,3,523.0,191,10,3.38,6,8.81,50.1,seek_help,HighStress
191,10,191,31,410.2,113,0.3053805911419929,4.7,4,9.5,51.5,work_alone,None
191,17,191,39,393.0,108,0,4.38,6,8.81,48.0,rest,None
191,18,191,26,702.0,220,1.6104256007754767,5.12,8,8.67,112.0,strengthen_ties,None
192,0,192,41,381.2,107,0,5.88,3,6.56,61.1,rest,None
192,18,192,37,702.0,220,0,5.12,8,8.67,112.0,rest,None
192,5,192,27,575.0,182,3.0096017178174472,3.7,5,8.94,76.3,attempt_knowledge_share,None
192,9,192,19,522.0,119,0,4.86,5,8.15,62.2,attempt_collaboration,None
192,14,192,32,328.4,120,0,4.68,5,8.36,24.0,rest,None
192,7,192,25,499.9,122,2.300691349229907,4.5,5,7.36,51.9,attempt_collaboration,None
192,19,192,25,429.0,90,5.624364496522226,3.8,6,7.87,40.6,rest,HighStress_Moderate
192,3,192,24,323.0,50,1.1750027672289818,3.84,3,7.26,22.6,attempt_knowledge_share,None
192,12,192,19,551.0,109,3.273573615890359,6.04,6,8.28,71.8,work_alone,None
192,8,192,21,537.0,161,2.0,5.52,7,8.83,74.0,attempt_collaboration,None
192,4,192,23,616.8,161,4.003660862810264,4.52,6,9.7,68.2,work_alone,None
192,15,192,12,523.0,191,10,3.38,6,8.81,50.1,rest,HighStress
192,17,192,29,409.0,114,0,4.38,6,8.89,49.8,attempt_collaboration,None
192,2,192,14,455.0,156,9.35649567027368,3.58,5,8.2,60.7,seek_help,HighStress_Moderate
192,10,192,24,414.2,113,0.7108994145759606,4.7,4,9.5,51.5,work_alone,None
192,16,192,15,441.6,123,10,6.66,5,7.5,71.2,rest,HighStress
192,1,192,26,430.0,47,0.12242915064418042,3.68,4,6.14,46.6,work_alone,None
192,13,192,26,483.40000000000003,177,9.189383406782671,4.96,5,8.19,46.8,rest,HighStress
192,6,192,31,550.5,120,9,6.06,5,8.3,66.4,rest,HighStress
192,11,192,35,650.5,193,0,6.94,5,9.47,90.5,rest,None
193,4,193,18,616.8,161,5.003660862810264,4.52,6,9.7,68.2,seek_help,None
193,1,193,21,430.0,47,1.1224291506441804,3.68,4,6.14,46.6,seek_help,None
193,5,193,22,575.0,182,5.009601717817447,3.7,5,8.74,76.3,seek_help,None
193,6,193,22,552.6,120,9.175677906865587,6.06,5,8.3,66.4,work_alone,HighStress_Moderate
193,17,193,43,409.0,114,0,4.38,6,8.89,49.8,rest,None
193,8,193,38,537.0,161,1.0,5.52,7,8.9,74.0,rest,None
193,12,193,28,551.0,109,3.273573615890359,6.04,6,8.28,71.8,rest,LowEnergy
193,9,193,36,522.0,119,0,5.06,5,8.15,62.3,rest,LowEnergy
193,10,193,19,414.2,113,2.7108994145759606,4.7,4,9.25,51.5,seek_help,None
193,3,193,19,323.0,50,3.175002767228982,3.84,3,6.92,22.6,seek_help,None
193,0,193,55,381.2,107,0,5.88,3,6.56,61.1,rest,None
193,11,193,25,650.5,193,0.5,6.94,5,9.37,90.5,attempt_collaboration,None
193,19,193,39,429.0,90,3.624364496522226,3.8,6,7.87,40.6,rest,None
193,14,193,22,335.4,120,0.47044300093286806,4.68,5,8.36,24.0,work_alone,None
193,15,193,2,523.0,191,10,3.38,6,8.81,50.1,seek_help,HighStress
193,18,193,26,706.0,220,0.38688580347500257,5.12,8,8.73,112.0,work_alone,None
193,2,193,26,455.0,156,10,3.58,5,8.2,60.7,rest,HighStress
193,7,193,37,499.9,122,0.3006913492299068,4.5,5,7.36,51.9,rest,None
193,16,193,5,441.6,123,10,6.66,5,7.5,71.2,seek_help,HighStress
193,13,193,16,483.40000000000003,177,10,4.96,5,7.99,46.8,seek_help,HighStress
194,9,194,53,522.0,119,0,5.06,5,8.15,62.3,rest,None
194,15,194,7,523.0,191,9,3.38,6,8.81,50.1,rest,HighStress
194,14,194,17,335.4,120,1.470443000932868,4.68,5,8.36,24.0,seek_help,None
194,5,194,39,575.0,182,3.0096017178174472,3.7,5,8.84,76.3,rest,None
194,7,194,32,499.9,122,0.3006913492299068,4.5,5,7.46,51.9,strengthen_ties,None
194,10,194,34,414.2,113,3.7108994145759606,4.9,4,9.25,51.6,rest,LowEnergy
194,19,194,28,429.0,90,4.124364496522226,3.8,6,7.79,40.6,attempt_collaboration,None
194,12,194,45,551.0,109,1.273573615890359,6.04,6,8.28,71.8,rest,None
194,2,194,31,455.0,156,9,3.66,5,8.2,60.8,rest,HighStress
194,1,194,34,430.0,47,0,3.68,4,6.14,46.6,rest,None
194,11,194,20,650.5,193,2.5,6.94,5,9.17,90.5,seek_help,None
194,13,194,6,483.40000000000003,177,10,4.96,5,8.19,46.8,seek_help,HighStress
194,6,194,29,552.6,120,7.175677906865587,6.06,5,8.3,66.4,rest,HighStress
194,0,194,71,381.2,107,0,5.88,3,6.56,61.1,rest,None
194,8,194,51,537.0,161,0,5.52,7,8.9,74.0,rest,None
194,3,194,36,323.0,50,2.175002767228982,4.04,3,6.96,22.7,rest,LowEnergy
194,16,194,12,441.6,123,10,6.66,5,7.5,71.2,rest,HighStress
194,17,194,28,409.0,114,0.5,4.38,6,8.89,49.8,attempt_collaboration,None
194,4,194,13,616.8,161,8.003660862810264,4.52,6,9.7,68.2,seek_help,HighStress_Moderate
194,18,194,40,706.0,220,0,5.12,8,8.73,112.0,rest,None
195,9,195,36,544.0,124,0.5,5.06,5,8.25,63.8,attempt_knowledge_share,None
195,0,195,62,389.2,107,0.38764906898131013,5.88,3,6.56,61.1,work_alone,None
195,3,195,54,323.0,50,1.1750027672289818,4.04,3,6.96,22.7,rest,None
195,10,195,27,414.2,109,3.7108994145759606,4.9,4,9.38,58.6,attempt_knowledge_share,None
195,6,195,37,552.6,120,4.175677906865587,6.2,5,8.3,66.5,rest,HighStress_Moderate
195,12,195,33,551.0,106,1.273573615890359,6.04,6,8.28,76.8,attempt_knowledge_share,None
195,2,195,18,455.0,156,9.5,3.66,5,8.1,60.8,attempt_collaboration,HighStress_Moderate
195,19,195,45,429.0,90,1.124364496522226,3.8,6,7.79,40.6,rest,None
195,17,195,36,409.0,114,0,4.38,6,8.89,49.8,rest,None
195,7,195,40,499.9,131,-0.5,4.5,5,7.66,51.9,rest,None
195,15,195,1,523.0,198,9.5,3.38,6,8.98,50.1,seek_help,HighStress
195,16,195,16,441.6,123,9,6.66,5,7.5,71.2,rest,HighStress
195,18,195,29,728.0,239,0,5.12,8,8.86,113.5,attempt_collaboration,None
195,5,195,32,575.0,180,3.0096017178174472,3.7,5,9.04,80.8,attempt_knowledge_share,None
195,13,195,16,483.40000000000003,177,10,4.96,5,8.19,46.8,rest,HighStress
195,11,195,28,650.5,203,0,6.94,5,9.37,90.5,rest,None
195,14,195,34,335.4,120,1.470443000932868,4.88,5,8.36,24.1,rest,LowEnergy
195,4,195,21,616.8,161,8.003660862810264,4.52,6,9.7,68.2,rest,HighStress
195,1,195,22,430.0,45,0,3.68,4,6.39,50.1,attempt_knowledge_share,None
195,8,195,42,540.0,161,0.47330688841532864,5.52,7,8.9,74.0,work_alone,None
196,11,196,43,650.5,203,0,6.94,5,9.37,90.5,rest,None
196,15,196,4,523.0,198,8.5,3.38,6,8.98,50.1,rest,HighStress
196,16,196,6,441.6,123,10,6.66,5,7.5,71.2,seek_help,HighStress
196,17,196,22,409.0,114,0.5,4.38,6,8.81,49.8,attempt_collaboration,None
196,5,196,16,575.0,180,3.5096017178174472,3.7,5,8.94,80.8,attempt_collaboration,None
196,12,196,28,551.0,106,1.273573615890359,6.04,6,8.28,76.8,strengthen_ties,None
196,4,196,16,616.8,161,9.003660862810264,4.52,6,9.77,68.2,seek_help,HighStress_Moderate
196,0,196,57,389.2,107,0.38764906898131013,5.88,3,6.56,61.1,strengthen_ties,None
196,14,196,24,335.4,118,1.470443000932868,4.88,5,8.56,28.6,attempt_knowledge_share,None
196,13,196,25,483.40000000000003,200,9.5,4.96,5,8.44,46.8,rest,HighStress
196,1,196,32,430.0,45,0,3.68,4,6.39,50.1,rest,None
196,3,196,49,323.0,50,1.1750027672289818,4.04,3,7.37,22.7,strengthen_ties,None
196,2,196,23,455.0,156,9.5,3.66,5,8.1,60.8,rest,HighStress
196,6,196,25,552.6,114,4.175677906865587,6.2,5,8.5,78.0,attempt_knowledge_share,None
196,19,196,40,429.0,90,1.124364496522226,3.8,6,8.03,40.6,strengthen_ties,None
196,18,196,41,728.0,239,0,5.12,8,8.86,113.5,rest,None
196,9,196,44,544.0,133,0,5.06,5,8.45,63.8,rest,None
196,8,196,30,545.0,161,0.4905721714574705,5.52,7,8.9,74.0,work_alone,None
196,7,196,35,499.9,131,0,4.5,5,7.77,51.9,strengthen_ties,None
196,10,196,22,414.2,109,4.710899414575961,4.9,4,9.38,58.6,seek_help,None
197,5,197,31,575.0,180,3.5096017178174472,3.9,5,8.94,80.9,rest,LowEnergy
197,18,197,36,728.0,239,0,5.12,8,8.93,113.5,strengthen_ties,None
197,3,197,39,327.0,50,1.4620077693232187,4.04,3,7.37,22.7,work_alone,None
197,11,197,30,664.5,208,0,6.94,5,9.57,92.0,attempt_collaboration,None
197,6,197,35,552.6,114,1.1756779068655874,6.2,5,8.5,78.0,rest,None
197,16,197,9,441.6,123,10,6.66,5,7.5,71.2,rest,HighStress
197,19,197,30,429.0,90,1.624364496522226,3.8,6,7.95,40.6,attempt_knowledge_share,None
197,2,197,26,455.0,156,7.5,3.66,5,8.1,60.8,rest,HighStress
197,13,197,30,483.40000000000003,200,8.5,4.96,5,8.44,46.8,rest,HighStress
197,8,197,23,551.0,161,0.5966166042091158,5.52,7,8.9,74.0,work_alone,None
197,14,197,19,335.4,118,3.470443000932868,4.88,5,8.36,28.6,seek_help,None
197,7,197,24,506.9,131,0.2867149707796368,4.5,5,7.81,51.9,work_alone,None
197,4,197,27,616.8,161,8.003660862810264,4.52,6,9.77,68.2,rest,HighStress
197,1,197,27,430.0,45,0,3.68,4,6.39,50.1,strengthen_ties,None
197,12,197,44,551.0,106,0,6.04,6,8.28,76.8,rest,None
197,15,197,10,523.0,198,8.5,3.38,6,9.01,50.1,rest,HighStress
197,0,197,58,403.2,112,0,5.88,3,7.23,62.6,rest,None
197,9,197,32,548.0,133,0.2893021597775046,5.06,5,8.45,63.8,work_alone,None
197,17,197,34,409.0,114,0,4.38,6,8.81,49.8,rest,None
197,10,197,36,414.2,109,3.7108994145759606,4.9,4,9.38,58.6,rest,None
198,4,198,22,616.8,161,9.003660862810264,4.52,6,9.77,68.2,seek_help,HighStress_Moderate
198,3,198,34,327.0,50,1.4620077693232187,4.04,3,7.75,22.7,strengthen_ties,None
198,11,198,18,664.5,208,0,6.94,5,9.57,93.5,attempt_knowledge_share,None
198,13,198,25,483.40000000000003,200,8.5,4.96,5,8.47,46.8,strengthen_ties,HighStress_Moderate
198,10,198,45,414.2,109,2.7108994145759606,4.9,4,9.38,58.6,rest,None
198,12,198,54,551.0,106,0,6.04,6,8.28,76.8,rest,None
198,18,198,23,728.0,258,0.0,5.12,8,8.89,113.5,attempt_collaboration,None
198,16,198,21,441.6,123,10,6.66,5,7.52,71.2,rest,HighStress
198,1,198,44,430.0,48,0,3.68,4,6.39,50.1,rest,None
198,7,198,33,506.9,131,0,4.5,5,7.81,51.9,rest,None
198,19,198,25,429.0,90,1.624364496522226,3.8,6,8.05,40.6,strengthen_ties,None
198,2,198,21,455.0,156,9.5,3.66,5,7.9,60.8,seek_help,HighStress_Moderate
198,8,198,18,551.0,161,2.5966166042091157,5.52,7,8.76,74.0,seek_help,None
198,15,198,18,523.0,198,7.5,3.38,6,9.01,50.1,rest,HighStress
198,17,198,22,409.0,114,0.5,4.38,6,8.73,49.8,attempt_collaboration,None
198,14,198,31,335.4,118,2.4704430009328675,5.08,5,8.36,28.7,rest,LowEnergy
198,0,198,50,408.2,112,0.31554335699629726,5.88,3,7.23,62.6,work_alone,None
198,5,198,20,575.0,180,4.009601717817447,3.9,5,8.9,80.9,attempt_collaboration,None
198,9,198,23,548.0,128,0.2893021597775046,5.06,5,8.45,73.3,attempt_knowledge_share,None
198,6,198,30,552.6,114,1.1756779068655874,6.2,5,8.69,78.0,strengthen_ties,None
199,0,199,41,412.2,112,0.3436642542746426,5.88,3,7.23,62.6,work_alone,None
199,5,199,35,575.0,180,2.0096017178174472,3.9,5,8.9,80.9,rest,None
199,14,199,17,335.4,118,2.9704430009328675,5.08,5,8.26,28.7,attempt_collaboration,None
199,12,199,47,559.0,106,0.3163406543161154,6.04,6,8.28,76.8,work_alone,None
199,6,199,48,552.6,114,0.17567790686558737,6.2,5,8.69,78.0,rest,None
199,9,199,18,548.0,128,2.2893021597775047,5.06,5,8.25,73.3,seek_help,None
199,8,199,33,551.0,161,1.5966166042091157,5.72,7,8.76,74.1,rest,LowEnergy
199,15,199,21,523.0,198,7.5,3.38,6,9.02,50.1,rest,HighStress
199,4,199,33,616.8,161,7.003660862810264,4.6,6,9.77,68.3,rest,HighStress
199,1,199,39,430.0,48,0,3.68,4,6.39,50.1,strengthen_ties,None
199,16,199,28,441.6,123,9,6.66,5,7.52,71.2,rest,HighStress
199,3,199,26,335.0,50,1.7980954235548436,4.04,3,7.75,22.7,work_alone,None
199,2,199,11,455.0,156,10,3.66,5,8.1,60.8,seek_help,HighStress
199,7,199,47,506.9,131,0,4.5,5,7.81,51.9,rest,None
199,18,199,38,728.0,258,0,5.12,8,8.89,113.5,rest,None
199,11,199,28,664.5,208,0,6.94,5,9.57,93.5,rest,LowEnergy
199,13,199,33,483.40000000000003,200,7.5,5.1,5,8.47,46.9,rest,HighStress_Moderate
199,17,199,32,409.0,114,0,4.38,6,8.73,49.8,rest,None
199,10,199,40,414.2,109,2.7108994145759606,4.9,4,9.5,58.6,strengthen_ties,None
199,19,199,42,429.0,90,0,3.8,6,8.07,40.6,rest,None
200,17,200,24,416.0,114,0.28216848616397755,4.38,6,8.78,49.8,work_alone,None
200,10,200,23,425.2,112,2.7108994145759606,4.9,4,9.5,59.5,attempt_collaboration,None
200,8,200,23,559.0,161,1.7602317575834734,5.72,7,8.76,74.1,work_alone,None
200,1,200,29,430.0,46,0,3.68,4,6.64,54.6,attempt_knowledge_share,None
200,11,200,23,664.5,208,2,6.94,5,9.37,93.5,seek_help,None
200,9,200,13,548.0,137,5.789302159777504,5.06,5,8.25,73.3,seek_help,LowEnergy
200,18,200,47,728.0,264,-0.5,5.12,8,8.94,113.5,rest,None
200,4,200,19,628.8,167,7.003660862810264,4.6,6,9.78,70.1,attempt_collaboration,HighStress_Moderate
200,13,200,28,483.40000000000003,200,7.5,5.1,5,8.75,46.9,strengthen_ties,HighStress_Moderate
200,5,200,25,575.0,180,2.5096017178174472,3.9,5,8.8,80.9,attempt_collaboration,None
200,2,200,1,455.0,156,10,3.66,5,8.1,60.8,seek_help,HighStress
200,12,200,28,578.0,112,0.4438554321173148,6.04,6,8.28,78.6,work_alone,None
200,15,200,33,523.0,198,6.5,3.52,6,9.02,50.2,rest,HighStress_Moderate
200,19,200,41,440.0,93,0,3.8,6,8.21,41.5,rest,None
200,0,200,30,412.2,112,0.8436642542746426,5.88,3,7.06,62.6,attempt_knowledge_share,None
200,7,200,38,506.9,130,0,4.5,5,7.97,54.9,attempt_knowledge_share,None
200,6,200,43,552.6,114,0.17567790686558737,6.2,5,8.96,78.0,strengthen_ties,None
200,3,200,21,335.0,50,3.7980954235548436,4.04,3,7.42,22.7,seek_help,None
200,16,200,37,441.6,123,6,6.8,5,7.52,71.3,rest,HighStress_Moderate
200,14,200,31,335.4,118,2.9704430009328675,5.28,5,8.36,28.8,rest,LowEnergy
